author_node_id,video_node_id,author_channel_id,video_id,weight_comments
author:UC2ngpd8UBQu4gcUYy0goAtg,video:06mFNPU0aB8,UC2ngpd8UBQu4gcUYy0goAtg,06mFNPU0aB8,1
author:UCAxvOOHQk7dYPOajzFEVtbA,video:06mFNPU0aB8,UCAxvOOHQk7dYPOajzFEVtbA,06mFNPU0aB8,2
author:UCIXLDYqR_syskKRJy_x9W9Q,video:06mFNPU0aB8,UCIXLDYqR_syskKRJy_x9W9Q,06mFNPU0aB8,1
author:UCLXYp1Cvc5DLtq5UQL5D9vw,video:06mFNPU0aB8,UCLXYp1Cvc5DLtq5UQL5D9vw,06mFNPU0aB8,1
author:UCO0zwwLWGyDgQmWPJ5Qrr1w,video:06mFNPU0aB8,UCO0zwwLWGyDgQmWPJ5Qrr1w,06mFNPU0aB8,1
author:UCXN2s7DwTJm33xO-pNkAdaA,video:06mFNPU0aB8,UCXN2s7DwTJm33xO-pNkAdaA,06mFNPU0aB8,1
author:UC_3xuTXvMIWU5MYP9HkJ3vQ,video:06mFNPU0aB8,UC_3xuTXvMIWU5MYP9HkJ3vQ,06mFNPU0aB8,1
author:UCfXykdbSU97rj987LDUGfvg,video:06mFNPU0aB8,UCfXykdbSU97rj987LDUGfvg,06mFNPU0aB8,1
author:UCfjhejO7LZy4doXURa7LZCQ,video:06mFNPU0aB8,UCfjhejO7LZy4doXURa7LZCQ,06mFNPU0aB8,1
author:UCjZgFEowMBrsjodqfovzdKw,video:06mFNPU0aB8,UCjZgFEowMBrsjodqfovzdKw,06mFNPU0aB8,1
author:UCq3mDTTRZnUybct5M9OSXbg,video:06mFNPU0aB8,UCq3mDTTRZnUybct5M9OSXbg,06mFNPU0aB8,1
author:UCvl1tzQeBeGy6efPTRJXSCw,video:06mFNPU0aB8,UCvl1tzQeBeGy6efPTRJXSCw,06mFNPU0aB8,1
author:UCwCfs-2zbD5k0lG-UVg_JBw,video:06mFNPU0aB8,UCwCfs-2zbD5k0lG-UVg_JBw,06mFNPU0aB8,1
author:UCJxJC56BSAX-ArD0NAb9qnQ,video:3Nfp9h5avBI,UCJxJC56BSAX-ArD0NAb9qnQ,3Nfp9h5avBI,1
author:UCyor0Mmm0ivLX2jIdyGp84Q,video:3Nfp9h5avBI,UCyor0Mmm0ivLX2jIdyGp84Q,3Nfp9h5avBI,1
author:UC-HeUTT6_g-VoiWds2a4H-w,video:6W4u8sGEnGM,UC-HeUTT6_g-VoiWds2a4H-w,6W4u8sGEnGM,1
author:UC-Iul5tDYH_oiAMXQH-KaaQ,video:6W4u8sGEnGM,UC-Iul5tDYH_oiAMXQH-KaaQ,6W4u8sGEnGM,1
author:UC0HvfEWozTHbwl_iEmJNvVA,video:6W4u8sGEnGM,UC0HvfEWozTHbwl_iEmJNvVA,6W4u8sGEnGM,1
author:UC14qlobYKqD-DO0j6b75lcA,video:6W4u8sGEnGM,UC14qlobYKqD-DO0j6b75lcA,6W4u8sGEnGM,1
author:UC1NiEdJ7gk6FlDexIalWnGg,video:6W4u8sGEnGM,UC1NiEdJ7gk6FlDexIalWnGg,6W4u8sGEnGM,1
author:UC3YpzAr7pcdKC7BVFEpYzog,video:6W4u8sGEnGM,UC3YpzAr7pcdKC7BVFEpYzog,6W4u8sGEnGM,1
author:UC63tFvbQ_hJhGDi2nbjssjw,video:6W4u8sGEnGM,UC63tFvbQ_hJhGDi2nbjssjw,6W4u8sGEnGM,1
author:UCEHXl4VvvVpq-_4xC5tsbhg,video:6W4u8sGEnGM,UCEHXl4VvvVpq-_4xC5tsbhg,6W4u8sGEnGM,1
author:UCFybmWapGvBKcQod7cPPH9w,video:6W4u8sGEnGM,UCFybmWapGvBKcQod7cPPH9w,6W4u8sGEnGM,1
author:UCRfkkatKrNtAARnXMMYBGlA,video:6W4u8sGEnGM,UCRfkkatKrNtAARnXMMYBGlA,6W4u8sGEnGM,1
author:UCV3fr-YOixFKCZBbJP1-X4w,video:6W4u8sGEnGM,UCV3fr-YOixFKCZBbJP1-X4w,6W4u8sGEnGM,5
author:UCWaRixDdpgllTBf4V0jPnKQ,video:6W4u8sGEnGM,UCWaRixDdpgllTBf4V0jPnKQ,6W4u8sGEnGM,2
author:UCWvntqPQx99k_Z_skWKqNSA,video:6W4u8sGEnGM,UCWvntqPQx99k_Z_skWKqNSA,6W4u8sGEnGM,1
author:UCZFQwqh90apuL8eFhvRBkUg,video:6W4u8sGEnGM,UCZFQwqh90apuL8eFhvRBkUg,6W4u8sGEnGM,1
author:UCa36MjQLoPAmgJo-R3G8WQA,video:6W4u8sGEnGM,UCa36MjQLoPAmgJo-R3G8WQA,6W4u8sGEnGM,1
author:UCaT4saRcyqCLE657Rq2hhZQ,video:6W4u8sGEnGM,UCaT4saRcyqCLE657Rq2hhZQ,6W4u8sGEnGM,1
author:UCeQk-WfEA-cJRq4EKeE7TOw,video:6W4u8sGEnGM,UCeQk-WfEA-cJRq4EKeE7TOw,6W4u8sGEnGM,1
author:UCfo_yUPzy1f1POwwZxhZ06Q,video:6W4u8sGEnGM,UCfo_yUPzy1f1POwwZxhZ06Q,6W4u8sGEnGM,1
author:UCgGqw4aqMdMVSGkKiMgrJRQ,video:6W4u8sGEnGM,UCgGqw4aqMdMVSGkKiMgrJRQ,6W4u8sGEnGM,1
author:UCheEJ5GZuIvV0fj-nXyVwXw,video:6W4u8sGEnGM,UCheEJ5GZuIvV0fj-nXyVwXw,6W4u8sGEnGM,1
author:UChyps3dqY-VY1_wLeq-2lhw,video:6W4u8sGEnGM,UChyps3dqY-VY1_wLeq-2lhw,6W4u8sGEnGM,1
author:UCiOZX__1gahg1ypIj0_XG_w,video:6W4u8sGEnGM,UCiOZX__1gahg1ypIj0_XG_w,6W4u8sGEnGM,1
author:UCjZgFEowMBrsjodqfovzdKw,video:6W4u8sGEnGM,UCjZgFEowMBrsjodqfovzdKw,6W4u8sGEnGM,1
author:UCoGdCoJg2Lh0OX_jv6cG16g,video:6W4u8sGEnGM,UCoGdCoJg2Lh0OX_jv6cG16g,6W4u8sGEnGM,2
author:UCp29O_C7cchZV8IxV7Crdag,video:6W4u8sGEnGM,UCp29O_C7cchZV8IxV7Crdag,6W4u8sGEnGM,2
author:UCql1n3Ey6ULMSOACjMe-fxQ,video:6W4u8sGEnGM,UCql1n3Ey6ULMSOACjMe-fxQ,6W4u8sGEnGM,1
author:UCtCtts20bW6F9CSohau51Iw,video:6W4u8sGEnGM,UCtCtts20bW6F9CSohau51Iw,6W4u8sGEnGM,2
author:UCtsxPYw8VUsH_FfnKg-0lmw,video:6W4u8sGEnGM,UCtsxPYw8VUsH_FfnKg-0lmw,6W4u8sGEnGM,1
author:UCvDwJBBY1mHK70aTEYl6rsA,video:6W4u8sGEnGM,UCvDwJBBY1mHK70aTEYl6rsA,6W4u8sGEnGM,1
author:UCwxoKK59nGCeBqB2sXfDBIw,video:6W4u8sGEnGM,UCwxoKK59nGCeBqB2sXfDBIw,6W4u8sGEnGM,1
author:UCyJhqmMbsvjpoarBBStA2kg,video:6W4u8sGEnGM,UCyJhqmMbsvjpoarBBStA2kg,6W4u8sGEnGM,6
author:UCzZ6dDCEsLMXbc5pCFXIprw,video:6W4u8sGEnGM,UCzZ6dDCEsLMXbc5pCFXIprw,6W4u8sGEnGM,1
author:UCHGd14aYuZZShLD73dkk6mg,video:JkpVO1hx2f8,UCHGd14aYuZZShLD73dkk6mg,JkpVO1hx2f8,1
author:UCQIdKuZ-OzuFqy0KjGrgesg,video:JkpVO1hx2f8,UCQIdKuZ-OzuFqy0KjGrgesg,JkpVO1hx2f8,1
author:UCWWkebAekppaL5b5CNlppuw,video:JkpVO1hx2f8,UCWWkebAekppaL5b5CNlppuw,JkpVO1hx2f8,1
author:UC-QOpE7GOxlXcHZ8b7HbQKA,video:OkXlHx0hx-8,UC-QOpE7GOxlXcHZ8b7HbQKA,OkXlHx0hx-8,2
author:UC1WlJfQmaIskYhP4gmWoamw,video:OkXlHx0hx-8,UC1WlJfQmaIskYhP4gmWoamw,OkXlHx0hx-8,1
author:UCBlm80VQ4YoV3bUJR_XhkaQ,video:OkXlHx0hx-8,UCBlm80VQ4YoV3bUJR_XhkaQ,OkXlHx0hx-8,2
author:UCGZMgmM92E3njyXNe9-kjAQ,video:OkXlHx0hx-8,UCGZMgmM92E3njyXNe9-kjAQ,OkXlHx0hx-8,1
author:UCIgoiXdIKJyUGmUoH2Lxdzg,video:OkXlHx0hx-8,UCIgoiXdIKJyUGmUoH2Lxdzg,OkXlHx0hx-8,1
author:UCOLHH4ZpMxPYF-Q6e6wvn5A,video:OkXlHx0hx-8,UCOLHH4ZpMxPYF-Q6e6wvn5A,OkXlHx0hx-8,1
author:UCPNXmbOBVeC4HS-xemvcPtQ,video:OkXlHx0hx-8,UCPNXmbOBVeC4HS-xemvcPtQ,OkXlHx0hx-8,1
author:UCQMMuADgqWUOcJpLwHOzC-g,video:OkXlHx0hx-8,UCQMMuADgqWUOcJpLwHOzC-g,OkXlHx0hx-8,1
author:UCVdjCrh4tQoX3haNAZv-n5A,video:OkXlHx0hx-8,UCVdjCrh4tQoX3haNAZv-n5A,OkXlHx0hx-8,1
author:UCZjm6U576nX8WOiLhmMR3bw,video:OkXlHx0hx-8,UCZjm6U576nX8WOiLhmMR3bw,OkXlHx0hx-8,1
author:UCat2qkYvqmtDNEmo2PVuhXw,video:OkXlHx0hx-8,UCat2qkYvqmtDNEmo2PVuhXw,OkXlHx0hx-8,1
author:UCbNanjFI51cwGqMAb2rOrBw,video:OkXlHx0hx-8,UCbNanjFI51cwGqMAb2rOrBw,OkXlHx0hx-8,1
author:UCi2KiZq63sRq8Mfbcp-MelQ,video:OkXlHx0hx-8,UCi2KiZq63sRq8Mfbcp-MelQ,OkXlHx0hx-8,6
author:UCozFYHN0e_-vlQbX3wQGOug,video:OkXlHx0hx-8,UCozFYHN0e_-vlQbX3wQGOug,OkXlHx0hx-8,1
author:UCp_dAUfv8i3LW3zWc24dLaQ,video:OkXlHx0hx-8,UCp_dAUfv8i3LW3zWc24dLaQ,OkXlHx0hx-8,1
author:UCrqXyRsg-_hTosURZ-uvoKg,video:OkXlHx0hx-8,UCrqXyRsg-_hTosURZ-uvoKg,OkXlHx0hx-8,1
author:UCtiHFjFu7d5v2XxHnKFUYig,video:OkXlHx0hx-8,UCtiHFjFu7d5v2XxHnKFUYig,OkXlHx0hx-8,1
author:UCxhtlxPV8AYWaNNyU6S9H8Q,video:OkXlHx0hx-8,UCxhtlxPV8AYWaNNyU6S9H8Q,OkXlHx0hx-8,1
author:UC1Y7x3h0c95Z8kUhi-Tzaeg,video:PjmxCj-a9Hg,UC1Y7x3h0c95Z8kUhi-Tzaeg,PjmxCj-a9Hg,1
author:UC7IMsCxfZyWN7YQo8-JYa6Q,video:PjmxCj-a9Hg,UC7IMsCxfZyWN7YQo8-JYa6Q,PjmxCj-a9Hg,2
author:UC8xlJWNHz1V_W6q3fbuQH8g,video:PjmxCj-a9Hg,UC8xlJWNHz1V_W6q3fbuQH8g,PjmxCj-a9Hg,1
author:UCAV7QIjYhbDJaycQycM_0eQ,video:PjmxCj-a9Hg,UCAV7QIjYhbDJaycQycM_0eQ,PjmxCj-a9Hg,1
author:UCGX_UbAQOXGZknv5iqklwTA,video:PjmxCj-a9Hg,UCGX_UbAQOXGZknv5iqklwTA,PjmxCj-a9Hg,1
author:UCHTGCgY2l-DQJIvlA_cpa_Q,video:PjmxCj-a9Hg,UCHTGCgY2l-DQJIvlA_cpa_Q,PjmxCj-a9Hg,1
author:UCN2N_wYOw6fMwCeSzdXLPIw,video:PjmxCj-a9Hg,UCN2N_wYOw6fMwCeSzdXLPIw,PjmxCj-a9Hg,1
author:UCNIeXbV_mEwpa412h1aqUWw,video:PjmxCj-a9Hg,UCNIeXbV_mEwpa412h1aqUWw,PjmxCj-a9Hg,3
author:UCPZueDLrCS4BmTBRMA4q0fA,video:PjmxCj-a9Hg,UCPZueDLrCS4BmTBRMA4q0fA,PjmxCj-a9Hg,1
author:UCVQf0tzL7xRzFJsABVVULpg,video:PjmxCj-a9Hg,UCVQf0tzL7xRzFJsABVVULpg,PjmxCj-a9Hg,1
author:UCbYoNG5J3Au5BqtbXogfEFw,video:PjmxCj-a9Hg,UCbYoNG5J3Au5BqtbXogfEFw,PjmxCj-a9Hg,1
author:UCf5lnNZF7Qrtli9v4N_23WQ,video:PjmxCj-a9Hg,UCf5lnNZF7Qrtli9v4N_23WQ,PjmxCj-a9Hg,1
author:UCg3eIfd7BrsLEqS0BLkftHA,video:PjmxCj-a9Hg,UCg3eIfd7BrsLEqS0BLkftHA,PjmxCj-a9Hg,3
author:UCgQJgI9vu1FI2dnC9mrFthw,video:PjmxCj-a9Hg,UCgQJgI9vu1FI2dnC9mrFthw,PjmxCj-a9Hg,1
author:UClsrFGJKWPxxw7MiaEdKLXw,video:PjmxCj-a9Hg,UClsrFGJKWPxxw7MiaEdKLXw,PjmxCj-a9Hg,1
author:UCtNyHmRZtvGF2hSvI2dUBWw,video:PjmxCj-a9Hg,UCtNyHmRZtvGF2hSvI2dUBWw,PjmxCj-a9Hg,2
author:UCuP4UK33HKtJE_S39ksmaTw,video:PjmxCj-a9Hg,UCuP4UK33HKtJE_S39ksmaTw,PjmxCj-a9Hg,1
author:UCusjriFsDHEc2AOjqk-p5ig,video:PjmxCj-a9Hg,UCusjriFsDHEc2AOjqk-p5ig,PjmxCj-a9Hg,1
author:UCzZ6dDCEsLMXbc5pCFXIprw,video:PjmxCj-a9Hg,UCzZ6dDCEsLMXbc5pCFXIprw,PjmxCj-a9Hg,1
author:UCKVzDUqbtdSMBcexaEtMmzQ,video:TT4qJ5FXHYE,UCKVzDUqbtdSMBcexaEtMmzQ,TT4qJ5FXHYE,1
author:UCNiMNUJvaRJb0_QLClqwVnA,video:TT4qJ5FXHYE,UCNiMNUJvaRJb0_QLClqwVnA,TT4qJ5FXHYE,1
author:UCld2stqxaVSk0QdGncM224A,video:TT4qJ5FXHYE,UCld2stqxaVSk0QdGncM224A,TT4qJ5FXHYE,1
author:UCtowGNY2lnlg6O2CkwDgkLg,video:TT4qJ5FXHYE,UCtowGNY2lnlg6O2CkwDgkLg,TT4qJ5FXHYE,1
author:UC_NRVt2UP88ZNTwzrZ66JSg,video:UhL9y3KUl8E,UC_NRVt2UP88ZNTwzrZ66JSg,UhL9y3KUl8E,1
author:UCGj2v6Gl5bN8NSrzJMXS-CA,video:WIUZtitfLRw,UCGj2v6Gl5bN8NSrzJMXS-CA,WIUZtitfLRw,1
author:UCOARn3hnfkB7-_Rwa8Hoqcw,video:WIUZtitfLRw,UCOARn3hnfkB7-_Rwa8Hoqcw,WIUZtitfLRw,1
author:UCVhif9eV0f8plICen2DnpKA,video:WIUZtitfLRw,UCVhif9eV0f8plICen2DnpKA,WIUZtitfLRw,1
author:UCZIQnb1fkwe39Iw2TAu-bGA,video:WIUZtitfLRw,UCZIQnb1fkwe39Iw2TAu-bGA,WIUZtitfLRw,1
author:UCvcu1kR8xMYy_I1Ty-2mV2Q,video:WIUZtitfLRw,UCvcu1kR8xMYy_I1Ty-2mV2Q,WIUZtitfLRw,1
author:UCyW68EGZey4ao_Vf2cR5Ztg,video:WIUZtitfLRw,UCyW68EGZey4ao_Vf2cR5Ztg,WIUZtitfLRw,1
author:UCPLW0HE3siElqCgXfgWxMqg,video:X_FAIef8qlE,UCPLW0HE3siElqCgXfgWxMqg,X_FAIef8qlE,1
author:UC094EFEmMSdwVa8NQjjYBXg,video:b_Hkrkl3adA,UC094EFEmMSdwVa8NQjjYBXg,b_Hkrkl3adA,1
author:UC3iIU62XKUOWuqL8BqBzj9A,video:b_Hkrkl3adA,UC3iIU62XKUOWuqL8BqBzj9A,b_Hkrkl3adA,1
author:UC5PrBbmUlQolwqmiru7yZhw,video:b_Hkrkl3adA,UC5PrBbmUlQolwqmiru7yZhw,b_Hkrkl3adA,1
author:UC9Wp6vL5oCU37qC3Aj94WZA,video:b_Hkrkl3adA,UC9Wp6vL5oCU37qC3Aj94WZA,b_Hkrkl3adA,1
author:UCGm3gRBEHGRJYmtCryZLtDw,video:b_Hkrkl3adA,UCGm3gRBEHGRJYmtCryZLtDw,b_Hkrkl3adA,1
author:UCHu8x4MVkayU6VgwVKd--MQ,video:b_Hkrkl3adA,UCHu8x4MVkayU6VgwVKd--MQ,b_Hkrkl3adA,1
author:UCsUCN0Yq_UyTvKjOJLmNrnQ,video:b_Hkrkl3adA,UCsUCN0Yq_UyTvKjOJLmNrnQ,b_Hkrkl3adA,1
author:UC4kg7zuTfqQKLd2bkZrSYBA,video:is3Mk5oC19g,UC4kg7zuTfqQKLd2bkZrSYBA,is3Mk5oC19g,1
author:UCBtB5dIyx-C16UN8ClUD2UA,video:is3Mk5oC19g,UCBtB5dIyx-C16UN8ClUD2UA,is3Mk5oC19g,1
author:UCFFrEmn6lPYiWyElpfzTy5Q,video:is3Mk5oC19g,UCFFrEmn6lPYiWyElpfzTy5Q,is3Mk5oC19g,1
author:UCLh1Kde4_vI1sTZBkTNP7RQ,video:is3Mk5oC19g,UCLh1Kde4_vI1sTZBkTNP7RQ,is3Mk5oC19g,1
author:UCdFlugHJJa4l3YqWuNRmvXw,video:is3Mk5oC19g,UCdFlugHJJa4l3YqWuNRmvXw,is3Mk5oC19g,1
author:UCfRqgt2O-vjzUDMZY_tnxQw,video:is3Mk5oC19g,UCfRqgt2O-vjzUDMZY_tnxQw,is3Mk5oC19g,1
author:UCk4O-J1BhoqPmig1KLGJePA,video:is3Mk5oC19g,UCk4O-J1BhoqPmig1KLGJePA,is3Mk5oC19g,1
author:UC-fiZBS5Gp1eCJd9ucgWnCg,video:j43HgwYFKfk,UC-fiZBS5Gp1eCJd9ucgWnCg,j43HgwYFKfk,1
author:UC1DpqK6vaPEkBOMNvypsKYg,video:j43HgwYFKfk,UC1DpqK6vaPEkBOMNvypsKYg,j43HgwYFKfk,1
author:UC32oozucwCF3q8d4m8fyOUg,video:j43HgwYFKfk,UC32oozucwCF3q8d4m8fyOUg,j43HgwYFKfk,1
author:UC3UVO7pTbeYvZ3ILEyRDskQ,video:j43HgwYFKfk,UC3UVO7pTbeYvZ3ILEyRDskQ,j43HgwYFKfk,1
author:UC4Avya4kmR4Q0FrfFdBozSQ,video:j43HgwYFKfk,UC4Avya4kmR4Q0FrfFdBozSQ,j43HgwYFKfk,1
author:UC5hvEnRUzI4Kfvwnyi4QxqQ,video:j43HgwYFKfk,UC5hvEnRUzI4Kfvwnyi4QxqQ,j43HgwYFKfk,1
author:UC6Uj1FT5JjDSF8vudvDxPAA,video:j43HgwYFKfk,UC6Uj1FT5JjDSF8vudvDxPAA,j43HgwYFKfk,1
author:UC7dadZG7kkGYnsNu6td0FbA,video:j43HgwYFKfk,UC7dadZG7kkGYnsNu6td0FbA,j43HgwYFKfk,1
author:UC816IGbFCZinfYS1LRDaaHg,video:j43HgwYFKfk,UC816IGbFCZinfYS1LRDaaHg,j43HgwYFKfk,1
author:UC95PSMouTx2N5CbSq0hIyrQ,video:j43HgwYFKfk,UC95PSMouTx2N5CbSq0hIyrQ,j43HgwYFKfk,1
author:UCAKuKvcbfnBD3kF5njNu-IA,video:j43HgwYFKfk,UCAKuKvcbfnBD3kF5njNu-IA,j43HgwYFKfk,1
author:UCCBYcToQ2dwkd6TJh0FSyDg,video:j43HgwYFKfk,UCCBYcToQ2dwkd6TJh0FSyDg,j43HgwYFKfk,1
author:UCDrmf9y9nLgFY5wnA2hTuGA,video:j43HgwYFKfk,UCDrmf9y9nLgFY5wnA2hTuGA,j43HgwYFKfk,1
author:UCGGHbtfbbe0o68etrOf0qxw,video:j43HgwYFKfk,UCGGHbtfbbe0o68etrOf0qxw,j43HgwYFKfk,1
author:UCHbwIx9pmQuf7i-4_xO2EpA,video:j43HgwYFKfk,UCHbwIx9pmQuf7i-4_xO2EpA,j43HgwYFKfk,1
author:UCNpt5CQlTzNjlAKY6CJtClQ,video:j43HgwYFKfk,UCNpt5CQlTzNjlAKY6CJtClQ,j43HgwYFKfk,1
author:UCOcUI5XkTYNMSFhZNMIPpGg,video:j43HgwYFKfk,UCOcUI5XkTYNMSFhZNMIPpGg,j43HgwYFKfk,1
author:UCQqlPPUGqAfWjd-FSh_qn7Q,video:j43HgwYFKfk,UCQqlPPUGqAfWjd-FSh_qn7Q,j43HgwYFKfk,1
author:UCQyOePccUP-fIJYzchAgZYw,video:j43HgwYFKfk,UCQyOePccUP-fIJYzchAgZYw,j43HgwYFKfk,1
author:UCRAquv8el-tQ30bN7MlmySQ,video:j43HgwYFKfk,UCRAquv8el-tQ30bN7MlmySQ,j43HgwYFKfk,1
author:UCRvPToDkkumha7WJAfCDk1A,video:j43HgwYFKfk,UCRvPToDkkumha7WJAfCDk1A,j43HgwYFKfk,1
author:UCUoYsrx1oZnCZ0usbBJn4fA,video:j43HgwYFKfk,UCUoYsrx1oZnCZ0usbBJn4fA,j43HgwYFKfk,1
author:UCV0lM03g5fg5pbPj97-sAtA,video:j43HgwYFKfk,UCV0lM03g5fg5pbPj97-sAtA,j43HgwYFKfk,1
author:UCW-JC6lebVmf2P1dmY_L94g,video:j43HgwYFKfk,UCW-JC6lebVmf2P1dmY_L94g,j43HgwYFKfk,1
author:UCW80DaMjQlEUibC98Cot-Dg,video:j43HgwYFKfk,UCW80DaMjQlEUibC98Cot-Dg,j43HgwYFKfk,1
author:UCWoAVGVqCn4xtINCMOTM4jg,video:j43HgwYFKfk,UCWoAVGVqCn4xtINCMOTM4jg,j43HgwYFKfk,1
author:UCZeIIQrGAedW8tCbKWmGY-A,video:j43HgwYFKfk,UCZeIIQrGAedW8tCbKWmGY-A,j43HgwYFKfk,1
author:UC_LYoGs5C3mbZKZuKuqYCvw,video:j43HgwYFKfk,UC_LYoGs5C3mbZKZuKuqYCvw,j43HgwYFKfk,1
author:UCaKAjTW9MVub_clgr4DRYjQ,video:j43HgwYFKfk,UCaKAjTW9MVub_clgr4DRYjQ,j43HgwYFKfk,1
author:UCdFlugHJJa4l3YqWuNRmvXw,video:j43HgwYFKfk,UCdFlugHJJa4l3YqWuNRmvXw,j43HgwYFKfk,1
author:UCe8JZoYkX5oKUZyivHYdXhw,video:j43HgwYFKfk,UCe8JZoYkX5oKUZyivHYdXhw,j43HgwYFKfk,1
author:UCeDNEtI8_a42bZ47wJiJMwQ,video:j43HgwYFKfk,UCeDNEtI8_a42bZ47wJiJMwQ,j43HgwYFKfk,1
author:UCgJNFj5dnxXpcMvmuhZDPxA,video:j43HgwYFKfk,UCgJNFj5dnxXpcMvmuhZDPxA,j43HgwYFKfk,1
author:UCgQw_Sbq3ugruDUKsq1e0-A,video:j43HgwYFKfk,UCgQw_Sbq3ugruDUKsq1e0-A,j43HgwYFKfk,1
author:UCiC-Jn7wdgyQV4_Urk0DkWQ,video:j43HgwYFKfk,UCiC-Jn7wdgyQV4_Urk0DkWQ,j43HgwYFKfk,1
author:UCkVtmkK07b2zaVVNssX4lOg,video:j43HgwYFKfk,UCkVtmkK07b2zaVVNssX4lOg,j43HgwYFKfk,1
author:UCkbsS_3D-pvg1iHOld9uvIg,video:j43HgwYFKfk,UCkbsS_3D-pvg1iHOld9uvIg,j43HgwYFKfk,1
author:UClhMWQ7XKWywYvbRnuf8QsA,video:j43HgwYFKfk,UClhMWQ7XKWywYvbRnuf8QsA,j43HgwYFKfk,1
author:UClqA491Xa5fQcXcJJa-vTWw,video:j43HgwYFKfk,UClqA491Xa5fQcXcJJa-vTWw,j43HgwYFKfk,1
author:UColMq7LmaoY3MT6aIDGrGvA,video:j43HgwYFKfk,UColMq7LmaoY3MT6aIDGrGvA,j43HgwYFKfk,1
author:UCpe5jW3MIqkgTJ-PgkzvM6Q,video:j43HgwYFKfk,UCpe5jW3MIqkgTJ-PgkzvM6Q,j43HgwYFKfk,1
author:UCpsKOkt5iWTbenzeuq7dsmQ,video:j43HgwYFKfk,UCpsKOkt5iWTbenzeuq7dsmQ,j43HgwYFKfk,1
author:UCqCrvuoJpC-aVb0f4logQRQ,video:j43HgwYFKfk,UCqCrvuoJpC-aVb0f4logQRQ,j43HgwYFKfk,1
author:UCsGoJEvb-cFPZ2rWoJcXzEQ,video:j43HgwYFKfk,UCsGoJEvb-cFPZ2rWoJcXzEQ,j43HgwYFKfk,1
author:UCu8_3-Wg-YzNyvHYQDEscfw,video:j43HgwYFKfk,UCu8_3-Wg-YzNyvHYQDEscfw,j43HgwYFKfk,1
author:UCuXmOjxC-htcprLgeVXz6Tg,video:j43HgwYFKfk,UCuXmOjxC-htcprLgeVXz6Tg,j43HgwYFKfk,1
author:UCwgCc9Jd_gG-uLE_SY-FfPg,video:j43HgwYFKfk,UCwgCc9Jd_gG-uLE_SY-FfPg,j43HgwYFKfk,1
author:UCwjUvRseNtJoItylIyIez7Q,video:j43HgwYFKfk,UCwjUvRseNtJoItylIyIez7Q,j43HgwYFKfk,1
author:UCylqlpsh8ENNM1LqgQ1KbxA,video:j43HgwYFKfk,UCylqlpsh8ENNM1LqgQ1KbxA,j43HgwYFKfk,2
author:UC0RpuMwkDKJYqgKHtsJRuWQ,video:lj983NWyAQY,UC0RpuMwkDKJYqgKHtsJRuWQ,lj983NWyAQY,1
author:UC0aEyakBPqcBkVJiErfSupQ,video:lj983NWyAQY,UC0aEyakBPqcBkVJiErfSupQ,lj983NWyAQY,1
author:UC5PyGvSfFM--OVKmQ3COu6g,video:lj983NWyAQY,UC5PyGvSfFM--OVKmQ3COu6g,lj983NWyAQY,1
author:UC5fvhAfm89JH8eDFdvc0xYw,video:lj983NWyAQY,UC5fvhAfm89JH8eDFdvc0xYw,lj983NWyAQY,1
author:UCFOxCyF926Y9eHhMeVoWLzw,video:lj983NWyAQY,UCFOxCyF926Y9eHhMeVoWLzw,lj983NWyAQY,1
author:UCGqKxQS-z3NZzZF-2w338AA,video:lj983NWyAQY,UCGqKxQS-z3NZzZF-2w338AA,lj983NWyAQY,1
author:UCHMQ_lDhibZ-XZ_3fo6oxwg,video:lj983NWyAQY,UCHMQ_lDhibZ-XZ_3fo6oxwg,lj983NWyAQY,1
author:UCIUhbSCy3-SGRe5UtqM4fzQ,video:lj983NWyAQY,UCIUhbSCy3-SGRe5UtqM4fzQ,lj983NWyAQY,1
author:UCIp19h9igblA2YKfSLPDAug,video:lj983NWyAQY,UCIp19h9igblA2YKfSLPDAug,lj983NWyAQY,1
author:UCRcSR3Lvn9DZAmJpVPANfZQ,video:lj983NWyAQY,UCRcSR3Lvn9DZAmJpVPANfZQ,lj983NWyAQY,1
author:UCRznz9-N3Qc1w-qNdLSIY2Q,video:lj983NWyAQY,UCRznz9-N3Qc1w-qNdLSIY2Q,lj983NWyAQY,1
author:UCSTAUWVc1_82DHYeqOsqEFA,video:lj983NWyAQY,UCSTAUWVc1_82DHYeqOsqEFA,lj983NWyAQY,1
author:UCXmrpc6Li0spcKxtS0Q_ptg,video:lj983NWyAQY,UCXmrpc6Li0spcKxtS0Q_ptg,lj983NWyAQY,1
author:UCY7Hq7F9Lnucf-Yr6JkHZNw,video:lj983NWyAQY,UCY7Hq7F9Lnucf-Yr6JkHZNw,lj983NWyAQY,1
author:UC_ljZ1hZXR9pzexFz87P5ZA,video:lj983NWyAQY,UC_ljZ1hZXR9pzexFz87P5ZA,lj983NWyAQY,1
author:UCaT6M2zp7X6r6Whd8Vv3kHQ,video:lj983NWyAQY,UCaT6M2zp7X6r6Whd8Vv3kHQ,lj983NWyAQY,1
author:UCgLrWFdYitoP-b7-PxtUr-w,video:lj983NWyAQY,UCgLrWFdYitoP-b7-PxtUr-w,lj983NWyAQY,1
author:UCgLurCo-e019HGODcjXHWCw,video:lj983NWyAQY,UCgLurCo-e019HGODcjXHWCw,lj983NWyAQY,1
author:UCi-vPdnpQreC7BkFs40mJGA,video:lj983NWyAQY,UCi-vPdnpQreC7BkFs40mJGA,lj983NWyAQY,1
author:UCqilIa8r7iek5sGYg_q6ofA,video:lj983NWyAQY,UCqilIa8r7iek5sGYg_q6ofA,lj983NWyAQY,1
author:UCs_5qeqdku9tGAq22y3OcuQ,video:lj983NWyAQY,UCs_5qeqdku9tGAq22y3OcuQ,lj983NWyAQY,1
author:UCtMBF_1O2jY2INlb_luuB_A,video:lj983NWyAQY,UCtMBF_1O2jY2INlb_luuB_A,lj983NWyAQY,1
author:UCwUAv3_LpWVtTIi7lkmTL7A,video:lj983NWyAQY,UCwUAv3_LpWVtTIi7lkmTL7A,lj983NWyAQY,1
author:UCxKR3RA8T-kxMgq_2WWhRcQ,video:lj983NWyAQY,UCxKR3RA8T-kxMgq_2WWhRcQ,lj983NWyAQY,1
author:UCyzf29IYjNw67gGIfsjgtxA,video:lj983NWyAQY,UCyzf29IYjNw67gGIfsjgtxA,lj983NWyAQY,1
author:UC-hfX8J5JPJ-dfuakzegMLA,video:n8iP75gIpmw,UC-hfX8J5JPJ-dfuakzegMLA,n8iP75gIpmw,1
author:UC-jS_kA9w-OmpupXDx156Rg,video:n8iP75gIpmw,UC-jS_kA9w-OmpupXDx156Rg,n8iP75gIpmw,1
author:UC-pNP6RMFuLg_-x7Ah_0kEA,video:n8iP75gIpmw,UC-pNP6RMFuLg_-x7Ah_0kEA,n8iP75gIpmw,1
author:UC1vr9aaMI2crB0NvwFHUeoQ,video:n8iP75gIpmw,UC1vr9aaMI2crB0NvwFHUeoQ,n8iP75gIpmw,1
author:UC2Y_EHWQKevubk4vOEBBFxw,video:n8iP75gIpmw,UC2Y_EHWQKevubk4vOEBBFxw,n8iP75gIpmw,1
author:UC2weSE8rpqkGMOp6StYtVfg,video:n8iP75gIpmw,UC2weSE8rpqkGMOp6StYtVfg,n8iP75gIpmw,1
author:UC3E9mAgP7VoAE5mZoAexl5g,video:n8iP75gIpmw,UC3E9mAgP7VoAE5mZoAexl5g,n8iP75gIpmw,1
author:UC3MYTqpQqlWBuCB7Th0e0PA,video:n8iP75gIpmw,UC3MYTqpQqlWBuCB7Th0e0PA,n8iP75gIpmw,1
author:UC3NMzdMYryaw82kPTnsaljg,video:n8iP75gIpmw,UC3NMzdMYryaw82kPTnsaljg,n8iP75gIpmw,1
author:UC3XTwHxygNCgjndsg-UiCQA,video:n8iP75gIpmw,UC3XTwHxygNCgjndsg-UiCQA,n8iP75gIpmw,3
author:UC3qn1yJA5PeW9rkGPatQxiw,video:n8iP75gIpmw,UC3qn1yJA5PeW9rkGPatQxiw,n8iP75gIpmw,1
author:UC4cXueR2bKGFJV0Fk76gwmA,video:n8iP75gIpmw,UC4cXueR2bKGFJV0Fk76gwmA,n8iP75gIpmw,1
author:UC4wq3DcbfaG6dtCqn8Oyu3w,video:n8iP75gIpmw,UC4wq3DcbfaG6dtCqn8Oyu3w,n8iP75gIpmw,1
author:UC5H8ASmMC9WrURmzeB4ySog,video:n8iP75gIpmw,UC5H8ASmMC9WrURmzeB4ySog,n8iP75gIpmw,5
author:UC5bG9nc_JV3FsNP2KseQiYw,video:n8iP75gIpmw,UC5bG9nc_JV3FsNP2KseQiYw,n8iP75gIpmw,1
author:UC650pRT-OYzny3GwOH8Cgfw,video:n8iP75gIpmw,UC650pRT-OYzny3GwOH8Cgfw,n8iP75gIpmw,1
author:UC6PvO1_k5lHKGdAPo5_C6TA,video:n8iP75gIpmw,UC6PvO1_k5lHKGdAPo5_C6TA,n8iP75gIpmw,1
author:UC6YSZqL0vEcI-niPKIMUGfw,video:n8iP75gIpmw,UC6YSZqL0vEcI-niPKIMUGfw,n8iP75gIpmw,1
author:UC72gBAtyb_VXQlYDcFrh6oQ,video:n8iP75gIpmw,UC72gBAtyb_VXQlYDcFrh6oQ,n8iP75gIpmw,3
author:UC7VUuJr9cGh845CmTvf7TlQ,video:n8iP75gIpmw,UC7VUuJr9cGh845CmTvf7TlQ,n8iP75gIpmw,1
author:UC8F2V63KZ4ZEay6opX2hAQw,video:n8iP75gIpmw,UC8F2V63KZ4ZEay6opX2hAQw,n8iP75gIpmw,1
author:UC8G5cJONY8L9voMyBW8Eoug,video:n8iP75gIpmw,UC8G5cJONY8L9voMyBW8Eoug,n8iP75gIpmw,1
author:UC8r11yOugM2NuRfitQOxLLg,video:n8iP75gIpmw,UC8r11yOugM2NuRfitQOxLLg,n8iP75gIpmw,1
author:UC9vMq1YF-e7C-VO0SHkbUTA,video:n8iP75gIpmw,UC9vMq1YF-e7C-VO0SHkbUTA,n8iP75gIpmw,4
author:UC9xr9QvIcDvoZNUX5f-jaZw,video:n8iP75gIpmw,UC9xr9QvIcDvoZNUX5f-jaZw,n8iP75gIpmw,1
author:UCA93ym2TXs_Ibyxb4Vcn-6Q,video:n8iP75gIpmw,UCA93ym2TXs_Ibyxb4Vcn-6Q,n8iP75gIpmw,1
author:UCAlzM_N6xBlMYmM8EBzX86Q,video:n8iP75gIpmw,UCAlzM_N6xBlMYmM8EBzX86Q,n8iP75gIpmw,1
author:UCAmtbUiIrUIhikru0ZoTFig,video:n8iP75gIpmw,UCAmtbUiIrUIhikru0ZoTFig,n8iP75gIpmw,1
author:UCB5p8a5gklc80jJItP6xTHg,video:n8iP75gIpmw,UCB5p8a5gklc80jJItP6xTHg,n8iP75gIpmw,1
author:UCCaYwkkbQGcvFoUmothVdQQ,video:n8iP75gIpmw,UCCaYwkkbQGcvFoUmothVdQQ,n8iP75gIpmw,1
author:UCDIMztpVm7G27qBuiWuT6oQ,video:n8iP75gIpmw,UCDIMztpVm7G27qBuiWuT6oQ,n8iP75gIpmw,1
author:UCDPWkUX3sNNaCx-m1dV4glA,video:n8iP75gIpmw,UCDPWkUX3sNNaCx-m1dV4glA,n8iP75gIpmw,1
author:UCDQaQv0hr2SS_PO-CMEwVHg,video:n8iP75gIpmw,UCDQaQv0hr2SS_PO-CMEwVHg,n8iP75gIpmw,1
author:UCDUffaruH6dyUnUGwsTKpgg,video:n8iP75gIpmw,UCDUffaruH6dyUnUGwsTKpgg,n8iP75gIpmw,1
author:UCDftMWXQoJ6nONfY7GVOVjg,video:n8iP75gIpmw,UCDftMWXQoJ6nONfY7GVOVjg,n8iP75gIpmw,1
author:UCDlr1VadSucIZgZ171pRBjQ,video:n8iP75gIpmw,UCDlr1VadSucIZgZ171pRBjQ,n8iP75gIpmw,1
author:UCEgEQmRbtL5fwr9_DqAC--g,video:n8iP75gIpmw,UCEgEQmRbtL5fwr9_DqAC--g,n8iP75gIpmw,1
author:UCErZPJpHmLCsXs8ZWkAUupQ,video:n8iP75gIpmw,UCErZPJpHmLCsXs8ZWkAUupQ,n8iP75gIpmw,1
author:UCFUuDARXdmmIrLppEqf-rFg,video:n8iP75gIpmw,UCFUuDARXdmmIrLppEqf-rFg,n8iP75gIpmw,1
author:UCFhxtoeARHPnXXPcDrOU3Xg,video:n8iP75gIpmw,UCFhxtoeARHPnXXPcDrOU3Xg,n8iP75gIpmw,1
author:UCFjudnPLoaSL1BaRuLahyHg,video:n8iP75gIpmw,UCFjudnPLoaSL1BaRuLahyHg,n8iP75gIpmw,3
author:UCFoIAE8k82D6AV-8gjjKaNg,video:n8iP75gIpmw,UCFoIAE8k82D6AV-8gjjKaNg,n8iP75gIpmw,1
author:UCFxE8GbokBrBsPEKM1xrOjQ,video:n8iP75gIpmw,UCFxE8GbokBrBsPEKM1xrOjQ,n8iP75gIpmw,1
author:UCGzXwyCzMzGmjmCbH3Hg01Q,video:n8iP75gIpmw,UCGzXwyCzMzGmjmCbH3Hg01Q,n8iP75gIpmw,1
author:UCHTGCgY2l-DQJIvlA_cpa_Q,video:n8iP75gIpmw,UCHTGCgY2l-DQJIvlA_cpa_Q,n8iP75gIpmw,2
author:UCHhHUjaMAZ8SiXdCUCj9DkQ,video:n8iP75gIpmw,UCHhHUjaMAZ8SiXdCUCj9DkQ,n8iP75gIpmw,2
author:UCKDR0f2fu2UzWL8mBv5-BHw,video:n8iP75gIpmw,UCKDR0f2fu2UzWL8mBv5-BHw,n8iP75gIpmw,1
author:UCL13XhnRzbGokEkCkEOb0-g,video:n8iP75gIpmw,UCL13XhnRzbGokEkCkEOb0-g,n8iP75gIpmw,2
author:UCL1MT278vSaQ83ZDkVWn1gw,video:n8iP75gIpmw,UCL1MT278vSaQ83ZDkVWn1gw,n8iP75gIpmw,1
author:UCLFdHr9BEbXHkoJopbEPLZw,video:n8iP75gIpmw,UCLFdHr9BEbXHkoJopbEPLZw,n8iP75gIpmw,2
author:UCLggDc_a5HriXv7I1h02sOA,video:n8iP75gIpmw,UCLggDc_a5HriXv7I1h02sOA,n8iP75gIpmw,2
author:UCN6qbfPSzFtjhqUDZ3Cv3CQ,video:n8iP75gIpmw,UCN6qbfPSzFtjhqUDZ3Cv3CQ,n8iP75gIpmw,1
author:UCNBnKqWf4d-rS4HwJRQljmQ,video:n8iP75gIpmw,UCNBnKqWf4d-rS4HwJRQljmQ,n8iP75gIpmw,2
author:UCNkcuy42zEwddwEcOd_HpnA,video:n8iP75gIpmw,UCNkcuy42zEwddwEcOd_HpnA,n8iP75gIpmw,1
author:UCOLGv5Pf6BF2wFcwUzgcvHg,video:n8iP75gIpmw,UCOLGv5Pf6BF2wFcwUzgcvHg,n8iP75gIpmw,2
author:UCOS8ViEkccrTZx2w2ccxotA,video:n8iP75gIpmw,UCOS8ViEkccrTZx2w2ccxotA,n8iP75gIpmw,1
author:UCOh6DaZC_x9HASnlRylEMfw,video:n8iP75gIpmw,UCOh6DaZC_x9HASnlRylEMfw,n8iP75gIpmw,1
author:UCQ_-LPP8JAbfkc-b1Q6NvWw,video:n8iP75gIpmw,UCQ_-LPP8JAbfkc-b1Q6NvWw,n8iP75gIpmw,2
author:UCQgYjVngJRfPHDLGB5X6ZjA,video:n8iP75gIpmw,UCQgYjVngJRfPHDLGB5X6ZjA,n8iP75gIpmw,1
author:UCQqetiwzzmRNTM5OWuXarGQ,video:n8iP75gIpmw,UCQqetiwzzmRNTM5OWuXarGQ,n8iP75gIpmw,1
author:UCQtICyzWmhC5woCtbNgaSmg,video:n8iP75gIpmw,UCQtICyzWmhC5woCtbNgaSmg,n8iP75gIpmw,2
author:UCQtSFINs1h6GHkpg9o5kMvg,video:n8iP75gIpmw,UCQtSFINs1h6GHkpg9o5kMvg,n8iP75gIpmw,1
author:UCRETAiYdh2dL5ZxB0_N1zDA,video:n8iP75gIpmw,UCRETAiYdh2dL5ZxB0_N1zDA,n8iP75gIpmw,1
author:UCRelkU8JiZBytTzebJxaa-w,video:n8iP75gIpmw,UCRelkU8JiZBytTzebJxaa-w,n8iP75gIpmw,1
author:UCRlCV9zSn7avAWh-9_XFWqQ,video:n8iP75gIpmw,UCRlCV9zSn7avAWh-9_XFWqQ,n8iP75gIpmw,1
author:UCSou6a2OuYGSvPjm5psquyA,video:n8iP75gIpmw,UCSou6a2OuYGSvPjm5psquyA,n8iP75gIpmw,1
author:UCTD6q1nyIe3Y7HhqjaMj72w,video:n8iP75gIpmw,UCTD6q1nyIe3Y7HhqjaMj72w,n8iP75gIpmw,1
author:UCTP3O0rMnc8z8v8jaDQwL0w,video:n8iP75gIpmw,UCTP3O0rMnc8z8v8jaDQwL0w,n8iP75gIpmw,1
author:UCThW2XNsAaBKme5PUt7n-Zg,video:n8iP75gIpmw,UCThW2XNsAaBKme5PUt7n-Zg,n8iP75gIpmw,1
author:UCTwSut16JyAg3mX6LVUNGqA,video:n8iP75gIpmw,UCTwSut16JyAg3mX6LVUNGqA,n8iP75gIpmw,1
author:UCTylKrsqkrBKIqubMu_5N0Q,video:n8iP75gIpmw,UCTylKrsqkrBKIqubMu_5N0Q,n8iP75gIpmw,1
author:UCUIIIPTVDVHAXqhC_5V6lPA,video:n8iP75gIpmw,UCUIIIPTVDVHAXqhC_5V6lPA,n8iP75gIpmw,1
author:UCV0iizTBoOfdAFX_thfI9BA,video:n8iP75gIpmw,UCV0iizTBoOfdAFX_thfI9BA,n8iP75gIpmw,1
author:UCWIZUtKJ636y-4TYrNvok0g,video:n8iP75gIpmw,UCWIZUtKJ636y-4TYrNvok0g,n8iP75gIpmw,1
author:UCXSkL3ejZ8qWYyF_M7s_QKA,video:n8iP75gIpmw,UCXSkL3ejZ8qWYyF_M7s_QKA,n8iP75gIpmw,1
author:UCXXh7yg5KUFIWylTiKVEFKQ,video:n8iP75gIpmw,UCXXh7yg5KUFIWylTiKVEFKQ,n8iP75gIpmw,2
author:UCXgr7vXlRrsaskPdo097kGA,video:n8iP75gIpmw,UCXgr7vXlRrsaskPdo097kGA,n8iP75gIpmw,1
author:UCXr8_5WtGeipe4haOoQDgyQ,video:n8iP75gIpmw,UCXr8_5WtGeipe4haOoQDgyQ,n8iP75gIpmw,1
author:UCYN4wSQ1Sx4_LurxLlW7MPg,video:n8iP75gIpmw,UCYN4wSQ1Sx4_LurxLlW7MPg,n8iP75gIpmw,1
author:UCYwpX26TrCxq8TvbKGRYLXA,video:n8iP75gIpmw,UCYwpX26TrCxq8TvbKGRYLXA,n8iP75gIpmw,1
author:UCZ51R_9Q9C0c8I3pAWhtmjQ,video:n8iP75gIpmw,UCZ51R_9Q9C0c8I3pAWhtmjQ,n8iP75gIpmw,1
author:UCZLG9qH0tUjNhEGFIUt0CYw,video:n8iP75gIpmw,UCZLG9qH0tUjNhEGFIUt0CYw,n8iP75gIpmw,1
author:UCcfdg8crmMJwEuLUsAhV7yg,video:n8iP75gIpmw,UCcfdg8crmMJwEuLUsAhV7yg,n8iP75gIpmw,1
author:UCfM3nrxtTQMY5jFx1v1J4Gg,video:n8iP75gIpmw,UCfM3nrxtTQMY5jFx1v1J4Gg,n8iP75gIpmw,1
author:UCgvw7xIdGFupzpt1Y_BFkEA,video:n8iP75gIpmw,UCgvw7xIdGFupzpt1Y_BFkEA,n8iP75gIpmw,1
author:UCh5ESQvtzyHDhCA7XyekCFA,video:n8iP75gIpmw,UCh5ESQvtzyHDhCA7XyekCFA,n8iP75gIpmw,3
author:UChZknRmJkeGeQk0-mQuhDOg,video:n8iP75gIpmw,UChZknRmJkeGeQk0-mQuhDOg,n8iP75gIpmw,1
author:UChep9kVb5gQmpodEEl10Xlg,video:n8iP75gIpmw,UChep9kVb5gQmpodEEl10Xlg,n8iP75gIpmw,1
author:UChgkn5Jt5tWKYMoEOuCjz3Q,video:n8iP75gIpmw,UChgkn5Jt5tWKYMoEOuCjz3Q,n8iP75gIpmw,1
author:UChs3tU2BcKOT0CezykvAsGw,video:n8iP75gIpmw,UChs3tU2BcKOT0CezykvAsGw,n8iP75gIpmw,3
author:UCi1b_TRQfgO1Z9O2gNGGWNA,video:n8iP75gIpmw,UCi1b_TRQfgO1Z9O2gNGGWNA,n8iP75gIpmw,2
author:UCiGRBf2RNF0WRKhRVT7zFoA,video:n8iP75gIpmw,UCiGRBf2RNF0WRKhRVT7zFoA,n8iP75gIpmw,1
author:UCiMythXHsw7eQEMykCdmMUA,video:n8iP75gIpmw,UCiMythXHsw7eQEMykCdmMUA,n8iP75gIpmw,1
author:UCipetjeiWj4CZB6EbyYziZg,video:n8iP75gIpmw,UCipetjeiWj4CZB6EbyYziZg,n8iP75gIpmw,1
author:UCj-LL25XJnjxepPKCc3NGog,video:n8iP75gIpmw,UCj-LL25XJnjxepPKCc3NGog,n8iP75gIpmw,1
author:UCjSKM9j0Q7HLDr1hD6D-TUw,video:n8iP75gIpmw,UCjSKM9j0Q7HLDr1hD6D-TUw,n8iP75gIpmw,1
author:UCjmPuazZJzscrwvk0QR9RVw,video:n8iP75gIpmw,UCjmPuazZJzscrwvk0QR9RVw,n8iP75gIpmw,1
author:UCkd9W714-947dEE6ZOEBATA,video:n8iP75gIpmw,UCkd9W714-947dEE6ZOEBATA,n8iP75gIpmw,2
author:UCl0ekS9Tt0jJGtOEM18S63w,video:n8iP75gIpmw,UCl0ekS9Tt0jJGtOEM18S63w,n8iP75gIpmw,1
author:UCljDbleJul41G1TzOjOZAVA,video:n8iP75gIpmw,UCljDbleJul41G1TzOjOZAVA,n8iP75gIpmw,1
author:UCmjppp6ujz3SAnULvP3sZMw,video:n8iP75gIpmw,UCmjppp6ujz3SAnULvP3sZMw,n8iP75gIpmw,1
author:UCmvOgzmmXbjUthHy-WJ52hQ,video:n8iP75gIpmw,UCmvOgzmmXbjUthHy-WJ52hQ,n8iP75gIpmw,1
author:UCp4iw5_5SmV9VGTFSNVGOmQ,video:n8iP75gIpmw,UCp4iw5_5SmV9VGTFSNVGOmQ,n8iP75gIpmw,1
author:UCpIdtvoFHVLGASGB5ySqIEA,video:n8iP75gIpmw,UCpIdtvoFHVLGASGB5ySqIEA,n8iP75gIpmw,1
author:UCpl8rF8uv_8uui-QRvuJaRA,video:n8iP75gIpmw,UCpl8rF8uv_8uui-QRvuJaRA,n8iP75gIpmw,1
author:UCplrIQtaPj6au60_f2-mOYw,video:n8iP75gIpmw,UCplrIQtaPj6au60_f2-mOYw,n8iP75gIpmw,1
author:UCpsKOkt5iWTbenzeuq7dsmQ,video:n8iP75gIpmw,UCpsKOkt5iWTbenzeuq7dsmQ,n8iP75gIpmw,1
author:UCr1emrogPKkKTs_WTtx71xg,video:n8iP75gIpmw,UCr1emrogPKkKTs_WTtx71xg,n8iP75gIpmw,1
author:UCrJn_rbo_ENAdeqneS-RmRw,video:n8iP75gIpmw,UCrJn_rbo_ENAdeqneS-RmRw,n8iP75gIpmw,2
author:UCsJJAvrVGupdmhOqgtDp8dg,video:n8iP75gIpmw,UCsJJAvrVGupdmhOqgtDp8dg,n8iP75gIpmw,1
author:UCsSXdJct-nsS8DsABoEsaYA,video:n8iP75gIpmw,UCsSXdJct-nsS8DsABoEsaYA,n8iP75gIpmw,1
author:UCsUCN0Yq_UyTvKjOJLmNrnQ,video:n8iP75gIpmw,UCsUCN0Yq_UyTvKjOJLmNrnQ,n8iP75gIpmw,1
author:UCsjs5Hp_r86x1xbK6FAeqaA,video:n8iP75gIpmw,UCsjs5Hp_r86x1xbK6FAeqaA,n8iP75gIpmw,1
author:UCtNfIBnc5S5DbbQj_yxgJTw,video:n8iP75gIpmw,UCtNfIBnc5S5DbbQj_yxgJTw,n8iP75gIpmw,1
author:UCtUR3_CAiE7fCoZHM6cMfyQ,video:n8iP75gIpmw,UCtUR3_CAiE7fCoZHM6cMfyQ,n8iP75gIpmw,1
author:UCueV9cTyTDwgQSec1x2dYgA,video:n8iP75gIpmw,UCueV9cTyTDwgQSec1x2dYgA,n8iP75gIpmw,1
author:UCujPF2nBgsTD62nWE3lcpIg,video:n8iP75gIpmw,UCujPF2nBgsTD62nWE3lcpIg,n8iP75gIpmw,1
author:UCut6b9S98nv84cVX89PmKzA,video:n8iP75gIpmw,UCut6b9S98nv84cVX89PmKzA,n8iP75gIpmw,2
author:UCvApqeCbLod-wejtT4CcVuA,video:n8iP75gIpmw,UCvApqeCbLod-wejtT4CcVuA,n8iP75gIpmw,1
author:UCwO2SXr0ggzwg6QWWrr01nQ,video:n8iP75gIpmw,UCwO2SXr0ggzwg6QWWrr01nQ,n8iP75gIpmw,1
author:UCwW2OFy95P7ZBkOPxWkpvYg,video:n8iP75gIpmw,UCwW2OFy95P7ZBkOPxWkpvYg,n8iP75gIpmw,2
author:UCwha8rxULYMVtNwZWeSkE1A,video:n8iP75gIpmw,UCwha8rxULYMVtNwZWeSkE1A,n8iP75gIpmw,1
author:UCxff05WuyvwELNITi7bj7UA,video:n8iP75gIpmw,UCxff05WuyvwELNITi7bj7UA,n8iP75gIpmw,1
author:UCySYJU5kUh7X8gVt9la2ISA,video:n8iP75gIpmw,UCySYJU5kUh7X8gVt9la2ISA,n8iP75gIpmw,1
author:UCylqlpsh8ENNM1LqgQ1KbxA,video:n8iP75gIpmw,UCylqlpsh8ENNM1LqgQ1KbxA,n8iP75gIpmw,1
author:UCz3gu01bmjNv0DpRq-K3XYg,video:n8iP75gIpmw,UCz3gu01bmjNv0DpRq-K3XYg,n8iP75gIpmw,2
author:UCzSfZlOVxBSs5ObD25ywxDQ,video:n8iP75gIpmw,UCzSfZlOVxBSs5ObD25ywxDQ,n8iP75gIpmw,1
author:UCzoL2l5H5eVlorWGH8AZfAg,video:n8iP75gIpmw,UCzoL2l5H5eVlorWGH8AZfAg,n8iP75gIpmw,1
author:UC5wuDq3U3vRAhOQI3D7gNdw,video:ndAZjHqzzT8,UC5wuDq3U3vRAhOQI3D7gNdw,ndAZjHqzzT8,1
author:UCJp3OrVYcBorC94sKwdch_A,video:ndAZjHqzzT8,UCJp3OrVYcBorC94sKwdch_A,ndAZjHqzzT8,1
author:UCVC2QugcI1G4RvlCiUqd1aQ,video:ndAZjHqzzT8,UCVC2QugcI1G4RvlCiUqd1aQ,ndAZjHqzzT8,2
author:UCZOmq6MwFDVoCaEl99BRRaw,video:ndAZjHqzzT8,UCZOmq6MwFDVoCaEl99BRRaw,ndAZjHqzzT8,1
author:UC_6KbBY1bsYXz9fwFS0eQRg,video:ndAZjHqzzT8,UC_6KbBY1bsYXz9fwFS0eQRg,ndAZjHqzzT8,1
author:UCbrtvygfRT6QXqWDNrOf-cA,video:ndAZjHqzzT8,UCbrtvygfRT6QXqWDNrOf-cA,ndAZjHqzzT8,1
author:UCjJf-AJKRFFWtiN-CSwkDmA,video:ndAZjHqzzT8,UCjJf-AJKRFFWtiN-CSwkDmA,ndAZjHqzzT8,1
author:UCnU8wO1OurAmGstDw6VGjgQ,video:ndAZjHqzzT8,UCnU8wO1OurAmGstDw6VGjgQ,ndAZjHqzzT8,1
author:UCpsKOkt5iWTbenzeuq7dsmQ,video:ndAZjHqzzT8,UCpsKOkt5iWTbenzeuq7dsmQ,ndAZjHqzzT8,1
author:UCvcu1kR8xMYy_I1Ty-2mV2Q,video:ndAZjHqzzT8,UCvcu1kR8xMYy_I1Ty-2mV2Q,ndAZjHqzzT8,2
author:UC6xI_MOaxajIWpoP8BH6E_Q,video:s0eco-BofOs,UC6xI_MOaxajIWpoP8BH6E_Q,s0eco-BofOs,1
author:UCCUmP4PlbwgikVFpYwbtRTg,video:yLZS3JiEBg8,UCCUmP4PlbwgikVFpYwbtRTg,yLZS3JiEBg8,1
author:UCOY3XpD9qMCRSA8AA8c4CAw,video:yLZS3JiEBg8,UCOY3XpD9qMCRSA8AA8c4CAw,yLZS3JiEBg8,1
author:UCTTILH6QCIxbTnEWxwRqs1g,video:yLZS3JiEBg8,UCTTILH6QCIxbTnEWxwRqs1g,yLZS3JiEBg8,1
author:UCXO1BBohNWXkK9SBDAG2ySg,video:yLZS3JiEBg8,UCXO1BBohNWXkK9SBDAG2ySg,yLZS3JiEBg8,1
author:UCXVLc8CmAO813ubM-fLvCDw,video:yLZS3JiEBg8,UCXVLc8CmAO813ubM-fLvCDw,yLZS3JiEBg8,1
author:UCXl30Y_upRqbti52fmjK4YA,video:yLZS3JiEBg8,UCXl30Y_upRqbti52fmjK4YA,yLZS3JiEBg8,1
author:UCbrtvygfRT6QXqWDNrOf-cA,video:yLZS3JiEBg8,UCbrtvygfRT6QXqWDNrOf-cA,yLZS3JiEBg8,1
author:UCcFIBN-rtC3d3hXeuN5TfWw,video:yLZS3JiEBg8,UCcFIBN-rtC3d3hXeuN5TfWw,yLZS3JiEBg8,1
author:UCc_F88PzGWtA1OPNUEASulA,video:yLZS3JiEBg8,UCc_F88PzGWtA1OPNUEASulA,yLZS3JiEBg8,1
author:UCdQAuWwyC99MB7Y02Umj26Q,video:yLZS3JiEBg8,UCdQAuWwyC99MB7Y02Umj26Q,yLZS3JiEBg8,1
author:UCefAH1MbvADWUjE9WVcB9EQ,video:yLZS3JiEBg8,UCefAH1MbvADWUjE9WVcB9EQ,yLZS3JiEBg8,1
author:UChT7pzGytNd92Nmvi-zuWog,video:yLZS3JiEBg8,UChT7pzGytNd92Nmvi-zuWog,yLZS3JiEBg8,1
author:UCkxdJ_yGN2gghOMo2ybQtXQ,video:yLZS3JiEBg8,UCkxdJ_yGN2gghOMo2ybQtXQ,yLZS3JiEBg8,1
author:UCvcu1kR8xMYy_I1Ty-2mV2Q,video:yLZS3JiEBg8,UCvcu1kR8xMYy_I1Ty-2mV2Q,yLZS3JiEBg8,1
author:UCwEe1RKlEv1UpNWmWYfSh4w,video:yLZS3JiEBg8,UCwEe1RKlEv1UpNWmWYfSh4w,yLZS3JiEBg8,1
author:UCxcoDvP-g2_KTZDmVZtvb3w,video:yLZS3JiEBg8,UCxcoDvP-g2_KTZDmVZtvb3w,yLZS3JiEBg8,1
author:UCQM2tCKRRytVDRxNUfCDqQQ,video:zweosulrwA8,UCQM2tCKRRytVDRxNUfCDqQQ,zweosulrwA8,1
