node_id,node_type,label,video_id,title,channel_id,channel_name,category,view_count,author_channel_id,comments,videos_distinct,degree
author:UC-HeUTT6_g-VoiWds2a4H-w,author,@JorgeMunoz-gd9et,,,,,,,UC-HeUTT6_g-VoiWds2a4H-w,1,1.0,1
author:UC-Iul5tDYH_oiAMXQH-KaaQ,author,@AlbertoMancilla-p9h,,,,,,,UC-Iul5tDYH_oiAMXQH-KaaQ,1,1.0,1
author:UC-QOpE7GOxlXcHZ8b7HbQKA,author,@mariaalexander427,,,,,,,UC-QOpE7GOxlXcHZ8b7HbQKA,2,1.0,1
author:UC-fiZBS5Gp1eCJd9ucgWnCg,author,@Tommii.10,,,,,,,UC-fiZBS5Gp1eCJd9ucgWnCg,1,1.0,1
author:UC-hfX8J5JPJ-dfuakzegMLA,author,@normaleticiaorozcojuarez2418,,,,,,,UC-hfX8J5JPJ-dfuakzegMLA,1,1.0,1
author:UC-jS_kA9w-OmpupXDx156Rg,author,@simoncreyesc7579,,,,,,,UC-jS_kA9w-OmpupXDx156Rg,1,1.0,1
author:UC-pNP6RMFuLg_-x7Ah_0kEA,author,@almacatalan2717,,,,,,,UC-pNP6RMFuLg_-x7Ah_0kEA,1,1.0,1
author:UC094EFEmMSdwVa8NQjjYBXg,author,@CelestinoQuej-j7k,,,,,,,UC094EFEmMSdwVa8NQjjYBXg,1,1.0,1
author:UC0HvfEWozTHbwl_iEmJNvVA,author,@OttoPalencia-b7r,,,,,,,UC0HvfEWozTHbwl_iEmJNvVA,1,1.0,1
author:UC0RpuMwkDKJYqgKHtsJRuWQ,author,@sabinamarinaguerra3248,,,,,,,UC0RpuMwkDKJYqgKHtsJRuWQ,1,1.0,1
author:UC0aEyakBPqcBkVJiErfSupQ,author,@jhonymanuel9891,,,,,,,UC0aEyakBPqcBkVJiErfSupQ,1,1.0,1
author:UC14qlobYKqD-DO0j6b75lcA,author,@megavision4488,,,,,,,UC14qlobYKqD-DO0j6b75lcA,1,1.0,1
author:UC1DpqK6vaPEkBOMNvypsKYg,author,@HectorCarranza-u4j4o,,,,,,,UC1DpqK6vaPEkBOMNvypsKYg,1,1.0,1
author:UC1NiEdJ7gk6FlDexIalWnGg,author,@BorisTebalán,,,,,,,UC1NiEdJ7gk6FlDexIalWnGg,1,1.0,1
author:UC1WlJfQmaIskYhP4gmWoamw,author,@marthareiss5434,,,,,,,UC1WlJfQmaIskYhP4gmWoamw,1,1.0,1
author:UC1Y7x3h0c95Z8kUhi-Tzaeg,author,@rosadiaz9235,,,,,,,UC1Y7x3h0c95Z8kUhi-Tzaeg,1,1.0,1
author:UC1vr9aaMI2crB0NvwFHUeoQ,author,@JoseSimilox-p6e,,,,,,,UC1vr9aaMI2crB0NvwFHUeoQ,1,1.0,1
author:UC2Y_EHWQKevubk4vOEBBFxw,author,@alfonsomorales2653,,,,,,,UC2Y_EHWQKevubk4vOEBBFxw,1,1.0,1
author:UC2ngpd8UBQu4gcUYy0goAtg,author,@juliohernandez7438,,,,,,,UC2ngpd8UBQu4gcUYy0goAtg,1,1.0,1
author:UC2weSE8rpqkGMOp6StYtVfg,author,@katerynsantiago2907,,,,,,,UC2weSE8rpqkGMOp6StYtVfg,1,1.0,1
author:UC32oozucwCF3q8d4m8fyOUg,author,@RauldejesusOlivagonzalez,,,,,,,UC32oozucwCF3q8d4m8fyOUg,1,1.0,1
author:UC3E9mAgP7VoAE5mZoAexl5g,author,@EnnioAroche,,,,,,,UC3E9mAgP7VoAE5mZoAexl5g,1,1.0,1
author:UC3MYTqpQqlWBuCB7Th0e0PA,author,@isaaclopez7220,,,,,,,UC3MYTqpQqlWBuCB7Th0e0PA,1,1.0,1
author:UC3NMzdMYryaw82kPTnsaljg,author,@marisosa7832,,,,,,,UC3NMzdMYryaw82kPTnsaljg,1,1.0,1
author:UC3UVO7pTbeYvZ3ILEyRDskQ,author,@rosaelenaargueta79,,,,,,,UC3UVO7pTbeYvZ3ILEyRDskQ,1,1.0,1
author:UC3XTwHxygNCgjndsg-UiCQA,author,@marioajset4283,,,,,,,UC3XTwHxygNCgjndsg-UiCQA,3,1.0,1
author:UC3YpzAr7pcdKC7BVFEpYzog,author,@carmenfigueroa1232,,,,,,,UC3YpzAr7pcdKC7BVFEpYzog,1,1.0,1
author:UC3iIU62XKUOWuqL8BqBzj9A,author,@antonioduarte2288,,,,,,,UC3iIU62XKUOWuqL8BqBzj9A,1,1.0,1
author:UC3qn1yJA5PeW9rkGPatQxiw,author,@VICTOREST19,,,,,,,UC3qn1yJA5PeW9rkGPatQxiw,1,1.0,1
author:UC4Avya4kmR4Q0FrfFdBozSQ,author,@davidlima1348,,,,,,,UC4Avya4kmR4Q0FrfFdBozSQ,1,1.0,1
author:UC4cXueR2bKGFJV0Fk76gwmA,author,@aluxdel4792,,,,,,,UC4cXueR2bKGFJV0Fk76gwmA,1,1.0,1
author:UC4kg7zuTfqQKLd2bkZrSYBA,author,@zoilagarcia9019,,,,,,,UC4kg7zuTfqQKLd2bkZrSYBA,1,1.0,1
author:UC4wq3DcbfaG6dtCqn8Oyu3w,author,@hugoasencio7764,,,,,,,UC4wq3DcbfaG6dtCqn8Oyu3w,1,1.0,1
author:UC5H8ASmMC9WrURmzeB4ySog,author,@ManuelEdran,,,,,,,UC5H8ASmMC9WrURmzeB4ySog,5,1.0,1
author:UC5PrBbmUlQolwqmiru7yZhw,author,@lazarochavez8269,,,,,,,UC5PrBbmUlQolwqmiru7yZhw,1,1.0,1
author:UC5PyGvSfFM--OVKmQ3COu6g,author,@FreddyGmez,,,,,,,UC5PyGvSfFM--OVKmQ3COu6g,1,1.0,1
author:UC5bG9nc_JV3FsNP2KseQiYw,author,@giovannirodas4836,,,,,,,UC5bG9nc_JV3FsNP2KseQiYw,1,1.0,1
author:UC5fvhAfm89JH8eDFdvc0xYw,author,@isaidiaz2388,,,,,,,UC5fvhAfm89JH8eDFdvc0xYw,1,1.0,1
author:UC5hvEnRUzI4Kfvwnyi4QxqQ,author,@leonelsantizo5281,,,,,,,UC5hvEnRUzI4Kfvwnyi4QxqQ,1,1.0,1
author:UC5wuDq3U3vRAhOQI3D7gNdw,author,@allanreneramirezgonzalez534,,,,,,,UC5wuDq3U3vRAhOQI3D7gNdw,1,1.0,1
author:UC63tFvbQ_hJhGDi2nbjssjw,author,@AbigailRodas-w2r,,,,,,,UC63tFvbQ_hJhGDi2nbjssjw,1,1.0,1
author:UC650pRT-OYzny3GwOH8Cgfw,author,@edvinparedesherrera7632,,,,,,,UC650pRT-OYzny3GwOH8Cgfw,1,1.0,1
author:UC6PvO1_k5lHKGdAPo5_C6TA,author,@johnmejia992,,,,,,,UC6PvO1_k5lHKGdAPo5_C6TA,1,1.0,1
author:UC6Uj1FT5JjDSF8vudvDxPAA,author,@alfredoortega9264,,,,,,,UC6Uj1FT5JjDSF8vudvDxPAA,1,1.0,1
author:UC6YSZqL0vEcI-niPKIMUGfw,author,@maxwellsales885,,,,,,,UC6YSZqL0vEcI-niPKIMUGfw,1,1.0,1
author:UC6xI_MOaxajIWpoP8BH6E_Q,author,@jahirdiaz5862,,,,,,,UC6xI_MOaxajIWpoP8BH6E_Q,1,1.0,1
author:UC72gBAtyb_VXQlYDcFrh6oQ,author,@osmanmorales3012,,,,,,,UC72gBAtyb_VXQlYDcFrh6oQ,3,1.0,1
author:UC7IMsCxfZyWN7YQo8-JYa6Q,author,@Burgos68,,,,,,,UC7IMsCxfZyWN7YQo8-JYa6Q,2,1.0,1
author:UC7VUuJr9cGh845CmTvf7TlQ,author,@LuisCastillo-oz4df,,,,,,,UC7VUuJr9cGh845CmTvf7TlQ,1,1.0,1
author:UC7dadZG7kkGYnsNu6td0FbA,author,@lesolorzano,,,,,,,UC7dadZG7kkGYnsNu6td0FbA,1,1.0,1
author:UC816IGbFCZinfYS1LRDaaHg,author,@ingenieroar,,,,,,,UC816IGbFCZinfYS1LRDaaHg,1,1.0,1
author:UC8F2V63KZ4ZEay6opX2hAQw,author,@carmenr6311,,,,,,,UC8F2V63KZ4ZEay6opX2hAQw,1,1.0,1
author:UC8G5cJONY8L9voMyBW8Eoug,author,@luisparedes-pw6qt,,,,,,,UC8G5cJONY8L9voMyBW8Eoug,1,1.0,1
author:UC8r11yOugM2NuRfitQOxLLg,author,@cesaraugustomoralesmonroy6907,,,,,,,UC8r11yOugM2NuRfitQOxLLg,1,1.0,1
author:UC8xlJWNHz1V_W6q3fbuQH8g,author,@NormaLópez-v7e,,,,,,,UC8xlJWNHz1V_W6q3fbuQH8g,1,1.0,1
author:UC95PSMouTx2N5CbSq0hIyrQ,author,@lisss1908,,,,,,,UC95PSMouTx2N5CbSq0hIyrQ,1,1.0,1
author:UC9Wp6vL5oCU37qC3Aj94WZA,author,@ManuelSanchez-b8q2z,,,,,,,UC9Wp6vL5oCU37qC3Aj94WZA,1,1.0,1
author:UC9vMq1YF-e7C-VO0SHkbUTA,author,@ErvinLeonardoCarreraLatín,,,,,,,UC9vMq1YF-e7C-VO0SHkbUTA,4,1.0,1
author:UC9xr9QvIcDvoZNUX5f-jaZw,author,@MariaaliciaColonmorales,,,,,,,UC9xr9QvIcDvoZNUX5f-jaZw,1,1.0,1
author:UCA93ym2TXs_Ibyxb4Vcn-6Q,author,@oswaldosolis8728,,,,,,,UCA93ym2TXs_Ibyxb4Vcn-6Q,1,1.0,1
author:UCAKuKvcbfnBD3kF5njNu-IA,author,@melvinlopez7096,,,,,,,UCAKuKvcbfnBD3kF5njNu-IA,1,1.0,1
author:UCAV7QIjYhbDJaycQycM_0eQ,author,@mariavail8998,,,,,,,UCAV7QIjYhbDJaycQycM_0eQ,1,1.0,1
author:UCAlzM_N6xBlMYmM8EBzX86Q,author,@carlossoto3252,,,,,,,UCAlzM_N6xBlMYmM8EBzX86Q,1,1.0,1
author:UCAmtbUiIrUIhikru0ZoTFig,author,@Aura-vf6dm,,,,,,,UCAmtbUiIrUIhikru0ZoTFig,1,1.0,1
author:UCAxvOOHQk7dYPOajzFEVtbA,author,@ruddydepaz322,,,,,,,UCAxvOOHQk7dYPOajzFEVtbA,2,1.0,1
author:UCB5p8a5gklc80jJItP6xTHg,author,@ernestogamboa8737,,,,,,,UCB5p8a5gklc80jJItP6xTHg,1,1.0,1
author:UCBlm80VQ4YoV3bUJR_XhkaQ,author,@rosadiaz6945,,,,,,,UCBlm80VQ4YoV3bUJR_XhkaQ,2,1.0,1
author:UCBtB5dIyx-C16UN8ClUD2UA,author,@alexmonzon4257,,,,,,,UCBtB5dIyx-C16UN8ClUD2UA,1,1.0,1
author:UCCBYcToQ2dwkd6TJh0FSyDg,author,@lidiarodriguez3493,,,,,,,UCCBYcToQ2dwkd6TJh0FSyDg,1,1.0,1
author:UCCUmP4PlbwgikVFpYwbtRTg,author,@alhvi,,,,,,,UCCUmP4PlbwgikVFpYwbtRTg,1,1.0,1
author:UCCaYwkkbQGcvFoUmothVdQQ,author,@OsvaldoAguirre-l3i,,,,,,,UCCaYwkkbQGcvFoUmothVdQQ,1,1.0,1
author:UCDIMztpVm7G27qBuiWuT6oQ,author,@lizardomorataya8274,,,,,,,UCDIMztpVm7G27qBuiWuT6oQ,1,1.0,1
author:UCDPWkUX3sNNaCx-m1dV4glA,author,@hectoroliva949,,,,,,,UCDPWkUX3sNNaCx-m1dV4glA,1,1.0,1
author:UCDQaQv0hr2SS_PO-CMEwVHg,author,@federicosaquimux1933,,,,,,,UCDQaQv0hr2SS_PO-CMEwVHg,1,1.0,1
author:UCDUffaruH6dyUnUGwsTKpgg,author,@luisletona2842,,,,,,,UCDUffaruH6dyUnUGwsTKpgg,1,1.0,1
author:UCDftMWXQoJ6nONfY7GVOVjg,author,@luisgpacheco5858,,,,,,,UCDftMWXQoJ6nONfY7GVOVjg,1,1.0,1
author:UCDlr1VadSucIZgZ171pRBjQ,author,@cuabatzjj5924,,,,,,,UCDlr1VadSucIZgZ171pRBjQ,1,1.0,1
author:UCDrmf9y9nLgFY5wnA2hTuGA,author,@laboratorio5528,,,,,,,UCDrmf9y9nLgFY5wnA2hTuGA,1,1.0,1
author:UCEHXl4VvvVpq-_4xC5tsbhg,author,@anibalg47,,,,,,,UCEHXl4VvvVpq-_4xC5tsbhg,1,1.0,1
author:UCEgEQmRbtL5fwr9_DqAC--g,author,@ArielRodas-g5y,,,,,,,UCEgEQmRbtL5fwr9_DqAC--g,1,1.0,1
author:UCErZPJpHmLCsXs8ZWkAUupQ,author,@dorisl.garciaroche7763,,,,,,,UCErZPJpHmLCsXs8ZWkAUupQ,1,1.0,1
author:UCFFrEmn6lPYiWyElpfzTy5Q,author,@denilsonlopez4083,,,,,,,UCFFrEmn6lPYiWyElpfzTy5Q,1,1.0,1
author:UCFOxCyF926Y9eHhMeVoWLzw,author,@arielsarc09,,,,,,,UCFOxCyF926Y9eHhMeVoWLzw,1,1.0,1
author:UCFUuDARXdmmIrLppEqf-rFg,author,@allanmunoz7410,,,,,,,UCFUuDARXdmmIrLppEqf-rFg,1,1.0,1
author:UCFhxtoeARHPnXXPcDrOU3Xg,author,@diegoalejandrolopezmendez205,,,,,,,UCFhxtoeARHPnXXPcDrOU3Xg,1,1.0,1
author:UCFjudnPLoaSL1BaRuLahyHg,author,@HaroldoCastillo-rh9iw,,,,,,,UCFjudnPLoaSL1BaRuLahyHg,3,1.0,1
author:UCFoIAE8k82D6AV-8gjjKaNg,author,@eddymunoz9789,,,,,,,UCFoIAE8k82D6AV-8gjjKaNg,1,1.0,1
author:UCFxE8GbokBrBsPEKM1xrOjQ,author,@JuanDavila-qd7qj,,,,,,,UCFxE8GbokBrBsPEKM1xrOjQ,1,1.0,1
author:UCFybmWapGvBKcQod7cPPH9w,author,@vitalianochavez8382,,,,,,,UCFybmWapGvBKcQod7cPPH9w,1,1.0,1
author:UCGGHbtfbbe0o68etrOf0qxw,author,@karensussetteleonvargas9794,,,,,,,UCGGHbtfbbe0o68etrOf0qxw,1,1.0,1
author:UCGX_UbAQOXGZknv5iqklwTA,author,@ronaldgarcia8522,,,,,,,UCGX_UbAQOXGZknv5iqklwTA,1,1.0,1
author:UCGZMgmM92E3njyXNe9-kjAQ,author,@pasionpornada,,,,,,,UCGZMgmM92E3njyXNe9-kjAQ,1,1.0,1
author:UCGj2v6Gl5bN8NSrzJMXS-CA,author,@juliogutierrez492,,,,,,,UCGj2v6Gl5bN8NSrzJMXS-CA,1,1.0,1
author:UCGm3gRBEHGRJYmtCryZLtDw,author,@JoséLopez-g6k,,,,,,,UCGm3gRBEHGRJYmtCryZLtDw,1,1.0,1
author:UCGqKxQS-z3NZzZF-2w338AA,author,@samuelaguilar529,,,,,,,UCGqKxQS-z3NZzZF-2w338AA,1,1.0,1
author:UCGzXwyCzMzGmjmCbH3Hg01Q,author,@FidelZacarias-ph7dy,,,,,,,UCGzXwyCzMzGmjmCbH3Hg01Q,1,1.0,1
author:UCHGd14aYuZZShLD73dkk6mg,author,@noemiherrera3152,,,,,,,UCHGd14aYuZZShLD73dkk6mg,1,1.0,1
author:UCHMQ_lDhibZ-XZ_3fo6oxwg,author,@crislexrubi4387,,,,,,,UCHMQ_lDhibZ-XZ_3fo6oxwg,1,1.0,1
author:UCHTGCgY2l-DQJIvlA_cpa_Q,author,@virgiliogarcia3039,,,,,,,UCHTGCgY2l-DQJIvlA_cpa_Q,3,2.0,2
author:UCHbwIx9pmQuf7i-4_xO2EpA,author,@caminoseternos752,,,,,,,UCHbwIx9pmQuf7i-4_xO2EpA,1,1.0,1
author:UCHhHUjaMAZ8SiXdCUCj9DkQ,author,@fredymendez1786,,,,,,,UCHhHUjaMAZ8SiXdCUCj9DkQ,2,1.0,1
author:UCHu8x4MVkayU6VgwVKd--MQ,author,@Hernandez-i1o,,,,,,,UCHu8x4MVkayU6VgwVKd--MQ,1,1.0,1
author:UCIUhbSCy3-SGRe5UtqM4fzQ,author,@jeanmorales1677,,,,,,,UCIUhbSCy3-SGRe5UtqM4fzQ,1,1.0,1
author:UCIXLDYqR_syskKRJy_x9W9Q,author,@carlitosramirez4739,,,,,,,UCIXLDYqR_syskKRJy_x9W9Q,1,1.0,1
author:UCIgoiXdIKJyUGmUoH2Lxdzg,author,@susievidal4134,,,,,,,UCIgoiXdIKJyUGmUoH2Lxdzg,1,1.0,1
author:UCIp19h9igblA2YKfSLPDAug,author,@JoseReyes-rn6sh,,,,,,,UCIp19h9igblA2YKfSLPDAug,1,1.0,1
author:UCJp3OrVYcBorC94sKwdch_A,author,@ULJoshmg2011,,,,,,,UCJp3OrVYcBorC94sKwdch_A,1,1.0,1
author:UCJxJC56BSAX-ArD0NAb9qnQ,author,@alfonsowilian9157,,,,,,,UCJxJC56BSAX-ArD0NAb9qnQ,1,1.0,1
author:UCKDR0f2fu2UzWL8mBv5-BHw,author,@mireyamorales6595,,,,,,,UCKDR0f2fu2UzWL8mBv5-BHw,1,1.0,1
author:UCKVzDUqbtdSMBcexaEtMmzQ,author,@rotorairgroup8409,,,,,,,UCKVzDUqbtdSMBcexaEtMmzQ,1,1.0,1
author:UCL13XhnRzbGokEkCkEOb0-g,author,@raquelprado3643,,,,,,,UCL13XhnRzbGokEkCkEOb0-g,2,1.0,1
author:UCL1MT278vSaQ83ZDkVWn1gw,author,@elmorodriguez6978,,,,,,,UCL1MT278vSaQ83ZDkVWn1gw,1,1.0,1
author:UCLFdHr9BEbXHkoJopbEPLZw,author,@kanterra4584,,,,,,,UCLFdHr9BEbXHkoJopbEPLZw,2,1.0,1
author:UCLXYp1Cvc5DLtq5UQL5D9vw,author,@jorgecifuentes-m5g,,,,,,,UCLXYp1Cvc5DLtq5UQL5D9vw,1,1.0,1
author:UCLggDc_a5HriXv7I1h02sOA,author,@guillermogonzalez5153,,,,,,,UCLggDc_a5HriXv7I1h02sOA,2,1.0,1
author:UCLh1Kde4_vI1sTZBkTNP7RQ,author,@JoelReynoso-d4r,,,,,,,UCLh1Kde4_vI1sTZBkTNP7RQ,1,1.0,1
author:UCN2N_wYOw6fMwCeSzdXLPIw,author,@danielantoniogonzalezflore4901,,,,,,,UCN2N_wYOw6fMwCeSzdXLPIw,1,1.0,1
author:UCN6qbfPSzFtjhqUDZ3Cv3CQ,author,@carlosmedranovelasquez6380,,,,,,,UCN6qbfPSzFtjhqUDZ3Cv3CQ,1,1.0,1
author:UCNBnKqWf4d-rS4HwJRQljmQ,author,@LE_A22,,,,,,,UCNBnKqWf4d-rS4HwJRQljmQ,2,1.0,1
author:UCNIeXbV_mEwpa412h1aqUWw,author,@juandeleon9060,,,,,,,UCNIeXbV_mEwpa412h1aqUWw,3,1.0,1
author:UCNiMNUJvaRJb0_QLClqwVnA,author,@Santiago.Nolasco,,,,,,,UCNiMNUJvaRJb0_QLClqwVnA,1,1.0,1
author:UCNkcuy42zEwddwEcOd_HpnA,author,@vanigomez492,,,,,,,UCNkcuy42zEwddwEcOd_HpnA,1,1.0,1
author:UCNpt5CQlTzNjlAKY6CJtClQ,author,@eustaquiogomez9975,,,,,,,UCNpt5CQlTzNjlAKY6CJtClQ,1,1.0,1
author:UCO0zwwLWGyDgQmWPJ5Qrr1w,author,@elsalvador3605,,,,,,,UCO0zwwLWGyDgQmWPJ5Qrr1w,1,1.0,1
author:UCOARn3hnfkB7-_Rwa8Hoqcw,author,@nicelol5241,,,,,,,UCOARn3hnfkB7-_Rwa8Hoqcw,1,1.0,1
author:UCOLGv5Pf6BF2wFcwUzgcvHg,author,@welfrealdana5559,,,,,,,UCOLGv5Pf6BF2wFcwUzgcvHg,2,1.0,1
author:UCOLHH4ZpMxPYF-Q6e6wvn5A,author,@luisroldan7374,,,,,,,UCOLHH4ZpMxPYF-Q6e6wvn5A,1,1.0,1
author:UCOS8ViEkccrTZx2w2ccxotA,author,@OscarHernandez-q8y,,,,,,,UCOS8ViEkccrTZx2w2ccxotA,1,1.0,1
author:UCOY3XpD9qMCRSA8AA8c4CAw,author,@franciscorodas9686,,,,,,,UCOY3XpD9qMCRSA8AA8c4CAw,1,1.0,1
author:UCOcUI5XkTYNMSFhZNMIPpGg,author,@hendersonlopez3864,,,,,,,UCOcUI5XkTYNMSFhZNMIPpGg,1,1.0,1
author:UCOh6DaZC_x9HASnlRylEMfw,author,@AndresMedina-v1s,,,,,,,UCOh6DaZC_x9HASnlRylEMfw,1,1.0,1
author:UCPLW0HE3siElqCgXfgWxMqg,author,@elizabethmonterroso7719,,,,,,,UCPLW0HE3siElqCgXfgWxMqg,1,1.0,1
author:UCPNXmbOBVeC4HS-xemvcPtQ,author,@BelkisRodriguezRamirez,,,,,,,UCPNXmbOBVeC4HS-xemvcPtQ,1,1.0,1
author:UCPZueDLrCS4BmTBRMA4q0fA,author,@kevinochoa3695,,,,,,,UCPZueDLrCS4BmTBRMA4q0fA,1,1.0,1
author:UCQIdKuZ-OzuFqy0KjGrgesg,author,@lyacausa,,,,,,,UCQIdKuZ-OzuFqy0KjGrgesg,1,1.0,1
author:UCQM2tCKRRytVDRxNUfCDqQQ,author,@elioelias7267,,,,,,,UCQM2tCKRRytVDRxNUfCDqQQ,1,1.0,1
author:UCQMMuADgqWUOcJpLwHOzC-g,author,@Ripped-Yoda,,,,,,,UCQMMuADgqWUOcJpLwHOzC-g,1,1.0,1
author:UCQ_-LPP8JAbfkc-b1Q6NvWw,author,@MegaKristenstewart,,,,,,,UCQ_-LPP8JAbfkc-b1Q6NvWw,2,1.0,1
author:UCQgYjVngJRfPHDLGB5X6ZjA,author,@oscarnavas9996,,,,,,,UCQgYjVngJRfPHDLGB5X6ZjA,1,1.0,1
author:UCQqetiwzzmRNTM5OWuXarGQ,author,@isaiaslopezvelasquez1539,,,,,,,UCQqetiwzzmRNTM5OWuXarGQ,1,1.0,1
author:UCQqlPPUGqAfWjd-FSh_qn7Q,author,@estuardoargueta137,,,,,,,UCQqlPPUGqAfWjd-FSh_qn7Q,1,1.0,1
author:UCQtICyzWmhC5woCtbNgaSmg,author,@nestormendez6216,,,,,,,UCQtICyzWmhC5woCtbNgaSmg,2,1.0,1
author:UCQtSFINs1h6GHkpg9o5kMvg,author,@MacarioMartinezruiz,,,,,,,UCQtSFINs1h6GHkpg9o5kMvg,1,1.0,1
author:UCQyOePccUP-fIJYzchAgZYw,author,@aguilar4254,,,,,,,UCQyOePccUP-fIJYzchAgZYw,1,1.0,1
author:UCRAquv8el-tQ30bN7MlmySQ,author,@iamjimalesssa,,,,,,,UCRAquv8el-tQ30bN7MlmySQ,1,1.0,1
author:UCRETAiYdh2dL5ZxB0_N1zDA,author,@Joseroland21,,,,,,,UCRETAiYdh2dL5ZxB0_N1zDA,1,1.0,1
author:UCRcSR3Lvn9DZAmJpVPANfZQ,author,@WalksandSuch,,,,,,,UCRcSR3Lvn9DZAmJpVPANfZQ,1,1.0,1
author:UCRelkU8JiZBytTzebJxaa-w,author,@danyraymundo2942,,,,,,,UCRelkU8JiZBytTzebJxaa-w,1,1.0,1
author:UCRfkkatKrNtAARnXMMYBGlA,author,@BernerSoza-mg3vx,,,,,,,UCRfkkatKrNtAARnXMMYBGlA,1,1.0,1
author:UCRlCV9zSn7avAWh-9_XFWqQ,author,@ronyarana8849,,,,,,,UCRlCV9zSn7avAWh-9_XFWqQ,1,1.0,1
author:UCRvPToDkkumha7WJAfCDk1A,author,@ligiaguerra3057,,,,,,,UCRvPToDkkumha7WJAfCDk1A,1,1.0,1
author:UCRznz9-N3Qc1w-qNdLSIY2Q,author,@jimmygomez724,,,,,,,UCRznz9-N3Qc1w-qNdLSIY2Q,1,1.0,1
author:UCSTAUWVc1_82DHYeqOsqEFA,author,@TheAlexX_C,,,,,,,UCSTAUWVc1_82DHYeqOsqEFA,1,1.0,1
author:UCSou6a2OuYGSvPjm5psquyA,author,@FranciscoRivera-sf7ne,,,,,,,UCSou6a2OuYGSvPjm5psquyA,1,1.0,1
author:UCTD6q1nyIe3Y7HhqjaMj72w,author,@JuanChang-r6k,,,,,,,UCTD6q1nyIe3Y7HhqjaMj72w,1,1.0,1
author:UCTP3O0rMnc8z8v8jaDQwL0w,author,@RobertoZelaya-x1v,,,,,,,UCTP3O0rMnc8z8v8jaDQwL0w,1,1.0,1
author:UCTTILH6QCIxbTnEWxwRqs1g,author,@3762Jorge,,,,,,,UCTTILH6QCIxbTnEWxwRqs1g,1,1.0,1
author:UCThW2XNsAaBKme5PUt7n-Zg,author,@thelmamoran8565,,,,,,,UCThW2XNsAaBKme5PUt7n-Zg,1,1.0,1
author:UCTwSut16JyAg3mX6LVUNGqA,author,@SuperVictor2005,,,,,,,UCTwSut16JyAg3mX6LVUNGqA,1,1.0,1
author:UCTylKrsqkrBKIqubMu_5N0Q,author,@edwingeovanymarroquinmarro6684,,,,,,,UCTylKrsqkrBKIqubMu_5N0Q,1,1.0,1
author:UCUIIIPTVDVHAXqhC_5V6lPA,author,@gorrarota,,,,,,,UCUIIIPTVDVHAXqhC_5V6lPA,1,1.0,1
author:UCUoYsrx1oZnCZ0usbBJn4fA,author,@AnaDiaz-re9sq,,,,,,,UCUoYsrx1oZnCZ0usbBJn4fA,1,1.0,1
author:UCV0iizTBoOfdAFX_thfI9BA,author,@BenjaminLarios-jd8nk,,,,,,,UCV0iizTBoOfdAFX_thfI9BA,1,1.0,1
author:UCV0lM03g5fg5pbPj97-sAtA,author,@genarodelgado3929,,,,,,,UCV0lM03g5fg5pbPj97-sAtA,1,1.0,1
author:UCV3fr-YOixFKCZBbJP1-X4w,author,@albertoshernandez5251,,,,,,,UCV3fr-YOixFKCZBbJP1-X4w,5,1.0,1
author:UCVC2QugcI1G4RvlCiUqd1aQ,author,@rwdm76,,,,,,,UCVC2QugcI1G4RvlCiUqd1aQ,2,1.0,1
author:UCVQf0tzL7xRzFJsABVVULpg,author,@DennisseLopetegi,,,,,,,UCVQf0tzL7xRzFJsABVVULpg,1,1.0,1
author:UCVdjCrh4tQoX3haNAZv-n5A,author,@aurahernandez5646,,,,,,,UCVdjCrh4tQoX3haNAZv-n5A,1,1.0,1
author:UCVhif9eV0f8plICen2DnpKA,author,@blogarteplus,,,,,,,UCVhif9eV0f8plICen2DnpKA,1,1.0,1
author:UCW-JC6lebVmf2P1dmY_L94g,author,@dinoraoroxon5771,,,,,,,UCW-JC6lebVmf2P1dmY_L94g,1,1.0,1
author:UCW80DaMjQlEUibC98Cot-Dg,author,@rogeraldana4289,,,,,,,UCW80DaMjQlEUibC98Cot-Dg,1,1.0,1
author:UCWIZUtKJ636y-4TYrNvok0g,author,@cesarandreas7824,,,,,,,UCWIZUtKJ636y-4TYrNvok0g,1,1.0,1
author:UCWWkebAekppaL5b5CNlppuw,author,@ninettmartinez425,,,,,,,UCWWkebAekppaL5b5CNlppuw,1,1.0,1
author:UCWaRixDdpgllTBf4V0jPnKQ,author,@hectormaaz5523,,,,,,,UCWaRixDdpgllTBf4V0jPnKQ,2,1.0,1
author:UCWoAVGVqCn4xtINCMOTM4jg,author,@OmarMartinez-vv8re,,,,,,,UCWoAVGVqCn4xtINCMOTM4jg,1,1.0,1
author:UCWvntqPQx99k_Z_skWKqNSA,author,@AntonioChiyal-x5s,,,,,,,UCWvntqPQx99k_Z_skWKqNSA,1,1.0,1
author:UCXN2s7DwTJm33xO-pNkAdaA,author,@edithsan7688,,,,,,,UCXN2s7DwTJm33xO-pNkAdaA,1,1.0,1
author:UCXO1BBohNWXkK9SBDAG2ySg,author,@JBFlute92,,,,,,,UCXO1BBohNWXkK9SBDAG2ySg,1,1.0,1
author:UCXSkL3ejZ8qWYyF_M7s_QKA,author,@JacintaTzoy,,,,,,,UCXSkL3ejZ8qWYyF_M7s_QKA,1,1.0,1
author:UCXVLc8CmAO813ubM-fLvCDw,author,@herminiasaquimux7565,,,,,,,UCXVLc8CmAO813ubM-fLvCDw,1,1.0,1
author:UCXXh7yg5KUFIWylTiKVEFKQ,author,@MrDuenderojo,,,,,,,UCXXh7yg5KUFIWylTiKVEFKQ,2,1.0,1
author:UCXgr7vXlRrsaskPdo097kGA,author,@Rogergh-nw4oj,,,,,,,UCXgr7vXlRrsaskPdo097kGA,1,1.0,1
author:UCXl30Y_upRqbti52fmjK4YA,author,@capitanfrans,,,,,,,UCXl30Y_upRqbti52fmjK4YA,1,1.0,1
author:UCXmrpc6Li0spcKxtS0Q_ptg,author,@melvinperez6710,,,,,,,UCXmrpc6Li0spcKxtS0Q_ptg,1,1.0,1
author:UCXr8_5WtGeipe4haOoQDgyQ,author,@amyherrera7352,,,,,,,UCXr8_5WtGeipe4haOoQDgyQ,1,1.0,1
author:UCY7Hq7F9Lnucf-Yr6JkHZNw,author,@maynorcalel1442,,,,,,,UCY7Hq7F9Lnucf-Yr6JkHZNw,1,1.0,1
author:UCYN4wSQ1Sx4_LurxLlW7MPg,author,@belarminavillatoro6474,,,,,,,UCYN4wSQ1Sx4_LurxLlW7MPg,1,1.0,1
author:UCYwpX26TrCxq8TvbKGRYLXA,author,@beneficioelcaminovillacana8540,,,,,,,UCYwpX26TrCxq8TvbKGRYLXA,1,1.0,1
author:UCZ51R_9Q9C0c8I3pAWhtmjQ,author,@belvettzapeta1251,,,,,,,UCZ51R_9Q9C0c8I3pAWhtmjQ,1,1.0,1
author:UCZFQwqh90apuL8eFhvRBkUg,author,@luisricardo9671,,,,,,,UCZFQwqh90apuL8eFhvRBkUg,1,1.0,1
author:UCZIQnb1fkwe39Iw2TAu-bGA,author,@jorgegomez2237,,,,,,,UCZIQnb1fkwe39Iw2TAu-bGA,1,1.0,1
author:UCZLG9qH0tUjNhEGFIUt0CYw,author,@SoniaMarroquin-y6e,,,,,,,UCZLG9qH0tUjNhEGFIUt0CYw,1,1.0,1
author:UCZOmq6MwFDVoCaEl99BRRaw,author,@daniloarevalo3170,,,,,,,UCZOmq6MwFDVoCaEl99BRRaw,1,1.0,1
author:UCZeIIQrGAedW8tCbKWmGY-A,author,@mariocordon8873,,,,,,,UCZeIIQrGAedW8tCbKWmGY-A,1,1.0,1
author:UCZjm6U576nX8WOiLhmMR3bw,author,@MariaNavarroYT,,,,,,,UCZjm6U576nX8WOiLhmMR3bw,1,1.0,1
author:UC_3xuTXvMIWU5MYP9HkJ3vQ,author,@Historia-wm4os,,,,,,,UC_3xuTXvMIWU5MYP9HkJ3vQ,1,1.0,1
author:UC_6KbBY1bsYXz9fwFS0eQRg,author,@imrcp5694,,,,,,,UC_6KbBY1bsYXz9fwFS0eQRg,1,1.0,1
author:UC_LYoGs5C3mbZKZuKuqYCvw,author,@javiercifuentesarchila6041,,,,,,,UC_LYoGs5C3mbZKZuKuqYCvw,1,1.0,1
author:UC_NRVt2UP88ZNTwzrZ66JSg,author,@aditalissethevasquezrojas8039,,,,,,,UC_NRVt2UP88ZNTwzrZ66JSg,1,1.0,1
author:UC_ljZ1hZXR9pzexFz87P5ZA,author,@ChRiStOpHeR7969,,,,,,,UC_ljZ1hZXR9pzexFz87P5ZA,1,1.0,1
author:UCa36MjQLoPAmgJo-R3G8WQA,author,@elsasalguero6914,,,,,,,UCa36MjQLoPAmgJo-R3G8WQA,1,1.0,1
author:UCaKAjTW9MVub_clgr4DRYjQ,author,@josecastillo4390,,,,,,,UCaKAjTW9MVub_clgr4DRYjQ,1,1.0,1
author:UCaT4saRcyqCLE657Rq2hhZQ,author,@elmilenial4064,,,,,,,UCaT4saRcyqCLE657Rq2hhZQ,1,1.0,1
author:UCaT6M2zp7X6r6Whd8Vv3kHQ,author,@alexarcos8349,,,,,,,UCaT6M2zp7X6r6Whd8Vv3kHQ,1,1.0,1
author:UCat2qkYvqmtDNEmo2PVuhXw,author,@DoraSalas-j5o,,,,,,,UCat2qkYvqmtDNEmo2PVuhXw,1,1.0,1
author:UCbNanjFI51cwGqMAb2rOrBw,author,@RosaMontesdeOca777,,,,,,,UCbNanjFI51cwGqMAb2rOrBw,1,1.0,1
author:UCbYoNG5J3Au5BqtbXogfEFw,author,@Luis-gn3fj,,,,,,,UCbYoNG5J3Au5BqtbXogfEFw,1,1.0,1
author:UCbrtvygfRT6QXqWDNrOf-cA,author,@Alejandro00710,,,,,,,UCbrtvygfRT6QXqWDNrOf-cA,2,2.0,2
author:UCcFIBN-rtC3d3hXeuN5TfWw,author,@DenisRMC,,,,,,,UCcFIBN-rtC3d3hXeuN5TfWw,1,1.0,1
author:UCc_F88PzGWtA1OPNUEASulA,author,@rockyscarlet,,,,,,,UCc_F88PzGWtA1OPNUEASulA,1,1.0,1
author:UCcfdg8crmMJwEuLUsAhV7yg,author,@RolandoRaguay,,,,,,,UCcfdg8crmMJwEuLUsAhV7yg,1,1.0,1
author:UCdFlugHJJa4l3YqWuNRmvXw,author,@MarcosCarillo-b1r,,,,,,,UCdFlugHJJa4l3YqWuNRmvXw,2,2.0,2
author:UCdQAuWwyC99MB7Y02Umj26Q,author,@miguelbran1268,,,,,,,UCdQAuWwyC99MB7Y02Umj26Q,1,1.0,1
author:UCe8JZoYkX5oKUZyivHYdXhw,author,@FernandoGarcia-jg1fj,,,,,,,UCe8JZoYkX5oKUZyivHYdXhw,1,1.0,1
author:UCeDNEtI8_a42bZ47wJiJMwQ,author,@EdgarcalderonCalderong,,,,,,,UCeDNEtI8_a42bZ47wJiJMwQ,1,1.0,1
author:UCeQk-WfEA-cJRq4EKeE7TOw,author,@franciscojuarez9223,,,,,,,UCeQk-WfEA-cJRq4EKeE7TOw,1,1.0,1
author:UCefAH1MbvADWUjE9WVcB9EQ,author,@jabriz8152,,,,,,,UCefAH1MbvADWUjE9WVcB9EQ,1,1.0,1
author:UCf5lnNZF7Qrtli9v4N_23WQ,author,@CarlosCortez-v5r,,,,,,,UCf5lnNZF7Qrtli9v4N_23WQ,1,1.0,1
author:UCfM3nrxtTQMY5jFx1v1J4Gg,author,@edgarroldan5539,,,,,,,UCfM3nrxtTQMY5jFx1v1J4Gg,1,1.0,1
author:UCfRqgt2O-vjzUDMZY_tnxQw,author,@Williams-Garcia67E,,,,,,,UCfRqgt2O-vjzUDMZY_tnxQw,1,1.0,1
author:UCfXykdbSU97rj987LDUGfvg,author,@MariaSantos-c8y3h,,,,,,,UCfXykdbSU97rj987LDUGfvg,1,1.0,1
author:UCfjhejO7LZy4doXURa7LZCQ,author,@HonwayLee-z5g,,,,,,,UCfjhejO7LZy4doXURa7LZCQ,1,1.0,1
author:UCfo_yUPzy1f1POwwZxhZ06Q,author,@lara11roberto,,,,,,,UCfo_yUPzy1f1POwwZxhZ06Q,1,1.0,1
author:UCg3eIfd7BrsLEqS0BLkftHA,author,@ErmePérez-q4s,,,,,,,UCg3eIfd7BrsLEqS0BLkftHA,3,1.0,1
author:UCgGqw4aqMdMVSGkKiMgrJRQ,author,@pattyfigueroa5609,,,,,,,UCgGqw4aqMdMVSGkKiMgrJRQ,1,1.0,1
author:UCgJNFj5dnxXpcMvmuhZDPxA,author,@NataliaRodriguez-rx5mr,,,,,,,UCgJNFj5dnxXpcMvmuhZDPxA,1,1.0,1
author:UCgLrWFdYitoP-b7-PxtUr-w,author,@zetag,,,,,,,UCgLrWFdYitoP-b7-PxtUr-w,1,1.0,1
author:UCgLurCo-e019HGODcjXHWCw,author,@perritojuega1,,,,,,,UCgLurCo-e019HGODcjXHWCw,1,1.0,1
author:UCgQJgI9vu1FI2dnC9mrFthw,author,@srms70,,,,,,,UCgQJgI9vu1FI2dnC9mrFthw,1,1.0,1
author:UCgQw_Sbq3ugruDUKsq1e0-A,author,@marlenareano-h4t,,,,,,,UCgQw_Sbq3ugruDUKsq1e0-A,1,1.0,1
author:UCgvw7xIdGFupzpt1Y_BFkEA,author,@fredygarcia9151,,,,,,,UCgvw7xIdGFupzpt1Y_BFkEA,1,1.0,1
author:UCh5ESQvtzyHDhCA7XyekCFA,author,@andyB5280,,,,,,,UCh5ESQvtzyHDhCA7XyekCFA,3,1.0,1
author:UChT7pzGytNd92Nmvi-zuWog,author,@sparkvalkov,,,,,,,UChT7pzGytNd92Nmvi-zuWog,1,1.0,1
author:UChZknRmJkeGeQk0-mQuhDOg,author,@OdilioRodríguez-c5w,,,,,,,UChZknRmJkeGeQk0-mQuhDOg,1,1.0,1
author:UCheEJ5GZuIvV0fj-nXyVwXw,author,@rosaoliva9389,,,,,,,UCheEJ5GZuIvV0fj-nXyVwXw,1,1.0,1
author:UChep9kVb5gQmpodEEl10Xlg,author,@carlosaguilar-kz7ml,,,,,,,UChep9kVb5gQmpodEEl10Xlg,1,1.0,1
author:UChgkn5Jt5tWKYMoEOuCjz3Q,author,@pablochitay46,,,,,,,UChgkn5Jt5tWKYMoEOuCjz3Q,1,1.0,1
author:UChs3tU2BcKOT0CezykvAsGw,author,@byronpontaza,,,,,,,UChs3tU2BcKOT0CezykvAsGw,3,1.0,1
author:UChyps3dqY-VY1_wLeq-2lhw,author,@maydamorales4395,,,,,,,UChyps3dqY-VY1_wLeq-2lhw,1,1.0,1
author:UCi-vPdnpQreC7BkFs40mJGA,author,@bryansicasales4280,,,,,,,UCi-vPdnpQreC7BkFs40mJGA,1,1.0,1
author:UCi1b_TRQfgO1Z9O2gNGGWNA,author,@davidisraelesquitsaquil,,,,,,,UCi1b_TRQfgO1Z9O2gNGGWNA,2,1.0,1
author:UCi2KiZq63sRq8Mfbcp-MelQ,author,@eugeneramirez4405,,,,,,,UCi2KiZq63sRq8Mfbcp-MelQ,6,1.0,1
author:UCiC-Jn7wdgyQV4_Urk0DkWQ,author,@pedroros6358,,,,,,,UCiC-Jn7wdgyQV4_Urk0DkWQ,1,1.0,1
author:UCiGRBf2RNF0WRKhRVT7zFoA,author,@edwinavila4876,,,,,,,UCiGRBf2RNF0WRKhRVT7zFoA,1,1.0,1
author:UCiMythXHsw7eQEMykCdmMUA,author,@JavierBecerra-h6x,,,,,,,UCiMythXHsw7eQEMykCdmMUA,1,1.0,1
author:UCiOZX__1gahg1ypIj0_XG_w,author,@mariogonzalezorellana8956,,,,,,,UCiOZX__1gahg1ypIj0_XG_w,1,1.0,1
author:UCipetjeiWj4CZB6EbyYziZg,author,@OseasSamayoa-ol5rz,,,,,,,UCipetjeiWj4CZB6EbyYziZg,1,1.0,1
author:UCj-LL25XJnjxepPKCc3NGog,author,@anaaguirre8985,,,,,,,UCj-LL25XJnjxepPKCc3NGog,1,1.0,1
author:UCjJf-AJKRFFWtiN-CSwkDmA,author,@2jose82,,,,,,,UCjJf-AJKRFFWtiN-CSwkDmA,1,1.0,1
author:UCjSKM9j0Q7HLDr1hD6D-TUw,author,@josehidalgo4875,,,,,,,UCjSKM9j0Q7HLDr1hD6D-TUw,1,1.0,1
author:UCjZgFEowMBrsjodqfovzdKw,author,@franciscoflores3120,,,,,,,UCjZgFEowMBrsjodqfovzdKw,2,2.0,2
author:UCjmPuazZJzscrwvk0QR9RVw,author,@mynorrodas8591,,,,,,,UCjmPuazZJzscrwvk0QR9RVw,1,1.0,1
author:UCk4O-J1BhoqPmig1KLGJePA,author,@lazarobarillas3575,,,,,,,UCk4O-J1BhoqPmig1KLGJePA,1,1.0,1
author:UCkVtmkK07b2zaVVNssX4lOg,author,@HectorElias-u2l,,,,,,,UCkVtmkK07b2zaVVNssX4lOg,1,1.0,1
author:UCkbsS_3D-pvg1iHOld9uvIg,author,@gonzalo6075,,,,,,,UCkbsS_3D-pvg1iHOld9uvIg,1,1.0,1
author:UCkd9W714-947dEE6ZOEBATA,author,@ARGELIATELON,,,,,,,UCkd9W714-947dEE6ZOEBATA,2,1.0,1
author:UCkxdJ_yGN2gghOMo2ybQtXQ,author,@11223344An,,,,,,,UCkxdJ_yGN2gghOMo2ybQtXQ,1,1.0,1
author:UCl0ekS9Tt0jJGtOEM18S63w,author,@monkchapin,,,,,,,UCl0ekS9Tt0jJGtOEM18S63w,1,1.0,1
author:UCld2stqxaVSk0QdGncM224A,author,@sarahernandez3873,,,,,,,UCld2stqxaVSk0QdGncM224A,1,1.0,1
author:UClhMWQ7XKWywYvbRnuf8QsA,author,@EcPerez-zz9oh,,,,,,,UClhMWQ7XKWywYvbRnuf8QsA,1,1.0,1
author:UCljDbleJul41G1TzOjOZAVA,author,@hectorcarranza3777,,,,,,,UCljDbleJul41G1TzOjOZAVA,1,1.0,1
author:UClqA491Xa5fQcXcJJa-vTWw,author,@AndresLemus-k2d,,,,,,,UClqA491Xa5fQcXcJJa-vTWw,1,1.0,1
author:UClsrFGJKWPxxw7MiaEdKLXw,author,@ericapaz5406,,,,,,,UClsrFGJKWPxxw7MiaEdKLXw,1,1.0,1
author:UCmjppp6ujz3SAnULvP3sZMw,author,@marcomendez7509,,,,,,,UCmjppp6ujz3SAnULvP3sZMw,1,1.0,1
author:UCmvOgzmmXbjUthHy-WJ52hQ,author,@mariorodas593,,,,,,,UCmvOgzmmXbjUthHy-WJ52hQ,1,1.0,1
author:UCnU8wO1OurAmGstDw6VGjgQ,author,@cmorera21,,,,,,,UCnU8wO1OurAmGstDw6VGjgQ,1,1.0,1
author:UCoGdCoJg2Lh0OX_jv6cG16g,author,@Israel-u5i7i,,,,,,,UCoGdCoJg2Lh0OX_jv6cG16g,2,1.0,1
author:UColMq7LmaoY3MT6aIDGrGvA,author,@quijotachapina1,,,,,,,UColMq7LmaoY3MT6aIDGrGvA,1,1.0,1
author:UCozFYHN0e_-vlQbX3wQGOug,author,@jesusguzman2321,,,,,,,UCozFYHN0e_-vlQbX3wQGOug,1,1.0,1
author:UCp29O_C7cchZV8IxV7Crdag,author,@robertoescobar5507,,,,,,,UCp29O_C7cchZV8IxV7Crdag,2,1.0,1
author:UCp4iw5_5SmV9VGTFSNVGOmQ,author,@CARLOSSTREMS51,,,,,,,UCp4iw5_5SmV9VGTFSNVGOmQ,1,1.0,1
author:UCpIdtvoFHVLGASGB5ySqIEA,author,@VidalVillatoro-p4w,,,,,,,UCpIdtvoFHVLGASGB5ySqIEA,1,1.0,1
author:UCp_dAUfv8i3LW3zWc24dLaQ,author,@MarioCortez-o6v,,,,,,,UCp_dAUfv8i3LW3zWc24dLaQ,1,1.0,1
author:UCpe5jW3MIqkgTJ-PgkzvM6Q,author,@carloslam5333,,,,,,,UCpe5jW3MIqkgTJ-PgkzvM6Q,1,1.0,1
author:UCpl8rF8uv_8uui-QRvuJaRA,author,@SergioGarcia-z9c,,,,,,,UCpl8rF8uv_8uui-QRvuJaRA,1,1.0,1
author:UCplrIQtaPj6au60_f2-mOYw,author,@romeolopezherrarte799,,,,,,,UCplrIQtaPj6au60_f2-mOYw,1,1.0,1
author:UCpsKOkt5iWTbenzeuq7dsmQ,author,@inge_vergueta,,,,,,,UCpsKOkt5iWTbenzeuq7dsmQ,3,3.0,3
author:UCq3mDTTRZnUybct5M9OSXbg,author,@MacoMorales-i2i2d,,,,,,,UCq3mDTTRZnUybct5M9OSXbg,1,1.0,1
author:UCqCrvuoJpC-aVb0f4logQRQ,author,@Lyrics_GT,,,,,,,UCqCrvuoJpC-aVb0f4logQRQ,1,1.0,1
author:UCqilIa8r7iek5sGYg_q6ofA,author,@rolandojuchuna484,,,,,,,UCqilIa8r7iek5sGYg_q6ofA,1,1.0,1
author:UCql1n3Ey6ULMSOACjMe-fxQ,author,@RolandoGonzalez-o7g,,,,,,,UCql1n3Ey6ULMSOACjMe-fxQ,1,1.0,1
author:UCr1emrogPKkKTs_WTtx71xg,author,@domingopeneleu6457,,,,,,,UCr1emrogPKkKTs_WTtx71xg,1,1.0,1
author:UCrJn_rbo_ENAdeqneS-RmRw,author,@josecarrera9623,,,,,,,UCrJn_rbo_ENAdeqneS-RmRw,2,1.0,1
author:UCrqXyRsg-_hTosURZ-uvoKg,author,@flornolberto2425,,,,,,,UCrqXyRsg-_hTosURZ-uvoKg,1,1.0,1
author:UCsGoJEvb-cFPZ2rWoJcXzEQ,author,@sergiohinestroza9709,,,,,,,UCsGoJEvb-cFPZ2rWoJcXzEQ,1,1.0,1
author:UCsJJAvrVGupdmhOqgtDp8dg,author,@nestorlorenzana1168,,,,,,,UCsJJAvrVGupdmhOqgtDp8dg,1,1.0,1
author:UCsSXdJct-nsS8DsABoEsaYA,author,@IvánPérez-j4j,,,,,,,UCsSXdJct-nsS8DsABoEsaYA,1,1.0,1
author:UCsUCN0Yq_UyTvKjOJLmNrnQ,author,@moisesvaldez4043,,,,,,,UCsUCN0Yq_UyTvKjOJLmNrnQ,2,2.0,2
author:UCs_5qeqdku9tGAq22y3OcuQ,author,@alexandrevasquez4135,,,,,,,UCs_5qeqdku9tGAq22y3OcuQ,1,1.0,1
author:UCsjs5Hp_r86x1xbK6FAeqaA,author,@alvaroesquivel563,,,,,,,UCsjs5Hp_r86x1xbK6FAeqaA,1,1.0,1
author:UCtCtts20bW6F9CSohau51Iw,author,@carlosgranados9875,,,,,,,UCtCtts20bW6F9CSohau51Iw,2,1.0,1
author:UCtMBF_1O2jY2INlb_luuB_A,author,@mynorgudiel8646,,,,,,,UCtMBF_1O2jY2INlb_luuB_A,1,1.0,1
author:UCtNfIBnc5S5DbbQj_yxgJTw,author,@JosueRamirez-ey3ih,,,,,,,UCtNfIBnc5S5DbbQj_yxgJTw,1,1.0,1
author:UCtNyHmRZtvGF2hSvI2dUBWw,author,@aureliomaldonado4793,,,,,,,UCtNyHmRZtvGF2hSvI2dUBWw,2,1.0,1
author:UCtUR3_CAiE7fCoZHM6cMfyQ,author,@mdelcid01,,,,,,,UCtUR3_CAiE7fCoZHM6cMfyQ,1,1.0,1
author:UCtiHFjFu7d5v2XxHnKFUYig,author,@Paul-gf7ec,,,,,,,UCtiHFjFu7d5v2XxHnKFUYig,1,1.0,1
author:UCtowGNY2lnlg6O2CkwDgkLg,author,@taniagabrielacelis8434,,,,,,,UCtowGNY2lnlg6O2CkwDgkLg,1,1.0,1
author:UCtsxPYw8VUsH_FfnKg-0lmw,author,@AlejandroPérez-b6r,,,,,,,UCtsxPYw8VUsH_FfnKg-0lmw,1,1.0,1
author:UCu8_3-Wg-YzNyvHYQDEscfw,author,@RolandoCastroPérez-d7y,,,,,,,UCu8_3-Wg-YzNyvHYQDEscfw,1,1.0,1
author:UCuP4UK33HKtJE_S39ksmaTw,author,@herbertaguilar1387,,,,,,,UCuP4UK33HKtJE_S39ksmaTw,1,1.0,1
author:UCuXmOjxC-htcprLgeVXz6Tg,author,@jorgeaguilar-bq3uj,,,,,,,UCuXmOjxC-htcprLgeVXz6Tg,1,1.0,1
author:UCueV9cTyTDwgQSec1x2dYgA,author,@fredydomingo7062,,,,,,,UCueV9cTyTDwgQSec1x2dYgA,1,1.0,1
author:UCujPF2nBgsTD62nWE3lcpIg,author,@victorarturoruanobautista7588,,,,,,,UCujPF2nBgsTD62nWE3lcpIg,1,1.0,1
author:UCusjriFsDHEc2AOjqk-p5ig,author,@pablobarrios7931,,,,,,,UCusjriFsDHEc2AOjqk-p5ig,1,1.0,1
author:UCut6b9S98nv84cVX89PmKzA,author,@yeniferaguirre4498,,,,,,,UCut6b9S98nv84cVX89PmKzA,2,1.0,1
author:UCvApqeCbLod-wejtT4CcVuA,author,@davidgaher9550,,,,,,,UCvApqeCbLod-wejtT4CcVuA,1,1.0,1
author:UCvDwJBBY1mHK70aTEYl6rsA,author,@cristianescobedo8296,,,,,,,UCvDwJBBY1mHK70aTEYl6rsA,1,1.0,1
author:UCvcu1kR8xMYy_I1Ty-2mV2Q,author,@hashojea7348,,,,,,,UCvcu1kR8xMYy_I1Ty-2mV2Q,4,3.0,3
author:UCvl1tzQeBeGy6efPTRJXSCw,author,@RaulPerez-cw2vi,,,,,,,UCvl1tzQeBeGy6efPTRJXSCw,1,1.0,1
author:UCwCfs-2zbD5k0lG-UVg_JBw,author,@JessicaHuaz-96,,,,,,,UCwCfs-2zbD5k0lG-UVg_JBw,1,1.0,1
author:UCwEe1RKlEv1UpNWmWYfSh4w,author,@marioramirez299,,,,,,,UCwEe1RKlEv1UpNWmWYfSh4w,1,1.0,1
author:UCwO2SXr0ggzwg6QWWrr01nQ,author,@ricardofigueroa5720,,,,,,,UCwO2SXr0ggzwg6QWWrr01nQ,1,1.0,1
author:UCwUAv3_LpWVtTIi7lkmTL7A,author,@kingr4706,,,,,,,UCwUAv3_LpWVtTIi7lkmTL7A,1,1.0,1
author:UCwW2OFy95P7ZBkOPxWkpvYg,author,@TeresaLucero-b5o,,,,,,,UCwW2OFy95P7ZBkOPxWkpvYg,2,1.0,1
author:UCwgCc9Jd_gG-uLE_SY-FfPg,author,@armindapenados2841,,,,,,,UCwgCc9Jd_gG-uLE_SY-FfPg,1,1.0,1
author:UCwha8rxULYMVtNwZWeSkE1A,author,@mariasamo8637,,,,,,,UCwha8rxULYMVtNwZWeSkE1A,1,1.0,1
author:UCwjUvRseNtJoItylIyIez7Q,author,@Silviazea,,,,,,,UCwjUvRseNtJoItylIyIez7Q,1,1.0,1
author:UCwxoKK59nGCeBqB2sXfDBIw,author,@vic-bonivideos,,,,,,,UCwxoKK59nGCeBqB2sXfDBIw,1,1.0,1
author:UCxKR3RA8T-kxMgq_2WWhRcQ,author,@elenaluarca9377,,,,,,,UCxKR3RA8T-kxMgq_2WWhRcQ,1,1.0,1
author:UCxcoDvP-g2_KTZDmVZtvb3w,author,@angelmartinez9523,,,,,,,UCxcoDvP-g2_KTZDmVZtvb3w,1,1.0,1
author:UCxff05WuyvwELNITi7bj7UA,author,@markoherrera,,,,,,,UCxff05WuyvwELNITi7bj7UA,1,1.0,1
author:UCxhtlxPV8AYWaNNyU6S9H8Q,author,@WilR-s8r,,,,,,,UCxhtlxPV8AYWaNNyU6S9H8Q,1,1.0,1
author:UCyJhqmMbsvjpoarBBStA2kg,author,@Murmullodelbarrio,,,,,,,UCyJhqmMbsvjpoarBBStA2kg,6,1.0,1
author:UCySYJU5kUh7X8gVt9la2ISA,author,@dantesarti4351,,,,,,,UCySYJU5kUh7X8gVt9la2ISA,1,1.0,1
author:UCyW68EGZey4ao_Vf2cR5Ztg,author,@ZabalaXabier,,,,,,,UCyW68EGZey4ao_Vf2cR5Ztg,1,1.0,1
author:UCylqlpsh8ENNM1LqgQ1KbxA,author,@Jel.Awesh.M,,,,,,,UCylqlpsh8ENNM1LqgQ1KbxA,3,2.0,2
author:UCyor0Mmm0ivLX2jIdyGp84Q,author,@MiguelJordan-n3g,,,,,,,UCyor0Mmm0ivLX2jIdyGp84Q,1,1.0,1
author:UCyzf29IYjNw67gGIfsjgtxA,author,@carlosoliva9249,,,,,,,UCyzf29IYjNw67gGIfsjgtxA,1,1.0,1
author:UCz3gu01bmjNv0DpRq-K3XYg,author,@eusebiovasquez4385,,,,,,,UCz3gu01bmjNv0DpRq-K3XYg,2,1.0,1
author:UCzSfZlOVxBSs5ObD25ywxDQ,author,@GilmarMaldonado-q9m,,,,,,,UCzSfZlOVxBSs5ObD25ywxDQ,1,1.0,1
author:UCzZ6dDCEsLMXbc5pCFXIprw,author,@josegil3813,,,,,,,UCzZ6dDCEsLMXbc5pCFXIprw,2,2.0,2
author:UCzoL2l5H5eVlorWGH8AZfAg,author,@jor77cas,,,,,,,UCzoL2l5H5eVlorWGH8AZfAg,1,1.0,1
video:06mFNPU0aB8,video,Capturan a presuntos delincuentes disfrazados de mujer señalados de cometer asalto,06mFNPU0aB8,Capturan a presuntos delincuentes disfrazados de mujer señalados de cometer asalto,UCVpSRoZgngfSL03Nlbjtq9A,Noti7,News & Politics,6692.0,,14,,13
video:3Nfp9h5avBI,video,"Noticiero en Directo 1 pm, 28 de Agosto de 2026",3Nfp9h5avBI,"Noticiero en Directo 1 pm, 28 de Agosto de 2026",UCdSVqHGHzyMTXSafUHY-e-w,Noticiero Guatevisión 13 Hrs.,News & Politics,573.0,,2,,2
video:6W4u8sGEnGM,video,Inician los trabajos de recuperación del Puente Belice II.,6W4u8sGEnGM,Inician los trabajos de recuperación del Puente Belice II.,UC-ZtFBHzgkYFh7whZkuR_Ag,Gobierno de la República de Guatemala,Entertainment,11670.0,,45,,32
video:JkpVO1hx2f8,video,10 Preguntas a un año del Paro Nacional,JkpVO1hx2f8,10 Preguntas a un año del Paro Nacional,UCE4rsXcgDb6e1-a9iTbWzfg,Quorum,News & Politics,673.0,,3,,3
video:OkXlHx0hx-8,video,EE.UU. envía a mexicanos deportados a Guatemala antes de su regreso a México | Noticias Telemundo,OkXlHx0hx-8,EE.UU. envía a mexicanos deportados a Guatemala antes de su regreso a México | Noticias Telemundo,UCRwA1NUcUnwsly35ikGhp0A,Noticias Telemundo,News & Politics,14200.0,,25,,18
video:PjmxCj-a9Hg,video,Conferencia de Prensa del Gobierno de Guatemala. #LaRondaGt,PjmxCj-a9Hg,Conferencia de Prensa del Gobierno de Guatemala. #LaRondaGt,UC-ZtFBHzgkYFh7whZkuR_Ag,Gobierno de la República de Guatemala,Entertainment,3628.0,,25,,19
video:TT4qJ5FXHYE,video,"I’x K’at: el primer equipo guatemalteco de pelota maya, conformado únicamente por mujeres.",TT4qJ5FXHYE,"I’x K’at: el primer equipo guatemalteco de pelota maya, conformado únicamente por mujeres.",UCE4rsXcgDb6e1-a9iTbWzfg,Quorum,News & Politics,1075.0,,4,,4
video:UhL9y3KUl8E,video,SHAI WA: la vecina queer de Casa Presidencial,UhL9y3KUl8E,SHAI WA: la vecina queer de Casa Presidencial,UCE4rsXcgDb6e1-a9iTbWzfg,Quorum,News & Politics,1755.0,,1,,1
video:WIUZtitfLRw,video,Caminar en una ciudad hecha para carros,WIUZtitfLRw,Caminar en una ciudad hecha para carros,UCE4rsXcgDb6e1-a9iTbWzfg,Quorum,News & Politics,422.0,,6,,6
video:X_FAIef8qlE,video,Cruzando la ciudad a puro Transmetro,X_FAIef8qlE,Cruzando la ciudad a puro Transmetro,UCE4rsXcgDb6e1-a9iTbWzfg,Quorum,News & Politics,1140.0,,1,,1
video:b_Hkrkl3adA,video,Bloqueos en Guatemala este 31 de agosto por alza en combustibles afectan rutas principales,b_Hkrkl3adA,Bloqueos en Guatemala este 31 de agosto por alza en combustibles afectan rutas principales,UCEepOY2svuxbsJ-zsAPT9Fg,PrensaLibreOficial,News & Politics,5469.0,,7,,7
video:is3Mk5oC19g,video,Capturan a ladrón que había quedado grabado mientras robaba en una parroquia de Retalhuleu,is3Mk5oC19g,Capturan a ladrón que había quedado grabado mientras robaba en una parroquia de Retalhuleu,UCt5Dw7ePnn0AqPqRF8Xpjkw,TN23 Guatemala,News & Politics,4616.0,,7,,7
video:j43HgwYFKfk,video,La cooptación de Walter Mazariegos en la USAC,j43HgwYFKfk,La cooptación de Walter Mazariegos en la USAC,UCE4rsXcgDb6e1-a9iTbWzfg,Quorum,News & Politics,10156.0,,50,,49
video:lj983NWyAQY,video,Plan 2032 Ciudad de Guatemala,lj983NWyAQY,Plan 2032 Ciudad de Guatemala,UCXa6LVjBzUtmcM3cwbd9e2w,Municipalidad de Guatemala,News & Politics,304089.0,,25,,25
video:n8iP75gIpmw,video,Qué rico come tu diputado,n8iP75gIpmw,Qué rico come tu diputado,UCE4rsXcgDb6e1-a9iTbWzfg,Quorum,News & Politics,11775.0,,161,,128
video:ndAZjHqzzT8,video,Internet: escoger el menos malo,ndAZjHqzzT8,Internet: escoger el menos malo,UCE4rsXcgDb6e1-a9iTbWzfg,Quorum,News & Politics,717.0,,12,,10
video:s0eco-BofOs,video,¿Quiénes pagan más en Centroamérica?,s0eco-BofOs,¿Quiénes pagan más en Centroamérica?,UCE4rsXcgDb6e1-a9iTbWzfg,Quorum,News & Politics,220.0,,1,,1
video:yLZS3JiEBg8,video,Arroz con pollo a la MONOPOLIO,yLZS3JiEBg8,Arroz con pollo a la MONOPOLIO,UCE4rsXcgDb6e1-a9iTbWzfg,Quorum,News & Politics,1954.0,,16,,16
video:zweosulrwA8,video,Edén por Salud: empleo inclusivo para personas con discapacidad en Antigua | Super - Episodio 2,zweosulrwA8,Edén por Salud: empleo inclusivo para personas con discapacidad en Antigua | Super - Episodio 2,UCE4rsXcgDb6e1-a9iTbWzfg,Quorum,Nonprofits & Activism,52.0,,1,,1
