node_id,node_type,label,degree,strength_comments,betweenness,pagerank,videos_distinct
author:UCHTGCgY2l-DQJIvlA_cpa_Q,author,@virgiliogarcia3039,2,3,0.23158411788784283,0.0026535763693920572,2
author:UCpsKOkt5iWTbenzeuq7dsmQ,author,@inge_vergueta,3,3,0.21807613589848548,0.003701076732141837,3
author:UCzZ6dDCEsLMXbc5pCFXIprw,author,@josegil3813,2,2,0.17683176422431438,0.0026693424379820997,2
author:UCylqlpsh8ENNM1LqgQ1KbxA,author,@Jel.Awesh.M,2,3,0.08915268112975851,0.0026353492079626006,2
author:UCvcu1kR8xMYy_I1Ty-2mV2Q,author,@hashojea7348,3,4,0.059705280392959484,0.003784223719379476,3
author:UCjZgFEowMBrsjodqfovzdKw,author,@franciscoflores3120,2,2,0.05789602947196071,0.0027135994662102654,2
author:UCbrtvygfRT6QXqWDNrOf-cA,author,@Alejandro00710,2,2,0.03229635693819075,0.002603872713899319,2
author:UCdFlugHJJa4l3YqWuNRmvXw,author,@MarcosCarillo-b1r,2,2,0.03186246418338109,0.002732328923803319,2
author:UCsUCN0Yq_UyTvKjOJLmNrnQ,author,@moisesvaldez4043,2,2,0.03186246418338109,0.0027339215049466134,2
author:UC-HeUTT6_g-VoiWds2a4H-w,author,@JorgeMunoz-gd9et,1,1,0.0,0.001547806323841599,1
author:UC-Iul5tDYH_oiAMXQH-KaaQ,author,@AlbertoMancilla-p9h,1,1,0.0,0.001547806323841599,1
author:UC-QOpE7GOxlXcHZ8b7HbQKA,author,@mariaalexander427,1,2,0.0,0.0016124992815849367,1
author:UC-fiZBS5Gp1eCJd9ucgWnCg,author,@Tommii.10,1,1,0.0,0.0015306593800614716,1
author:UC-hfX8J5JPJ-dfuakzegMLA,author,@normaleticiaorozcojuarez2418,1,1,0.0,0.0015320402552515566,1
author:UC-jS_kA9w-OmpupXDx156Rg,author,@simoncreyesc7579,1,1,0.0,0.0015320402552515566,1
author:UC-pNP6RMFuLg_-x7Ah_0kEA,author,@almacatalan2717,1,1,0.0,0.0015320402552515566,1
author:UC094EFEmMSdwVa8NQjjYBXg,author,@CelestinoQuej-j7k,1,1,0.0,0.0016292316770454844,1
author:UC0HvfEWozTHbwl_iEmJNvVA,author,@OttoPalencia-b7r,1,1,0.0,0.001547806323841599,1
author:UC0RpuMwkDKJYqgKHtsJRuWQ,author,@sabinamarinaguerra3248,1,1,0.0,0.0015921333404745244,1
author:UC0aEyakBPqcBkVJiErfSupQ,author,@jhonymanuel9891,1,1,0.0,0.0015921333404745244,1
author:UC14qlobYKqD-DO0j6b75lcA,author,@megavision4488,1,1,0.0,0.001547806323841599,1
author:UC1DpqK6vaPEkBOMNvypsKYg,author,@HectorCarranza-u4j4o,1,1,0.0,0.0015306593800614716,1
author:UC1NiEdJ7gk6FlDexIalWnGg,author,@BorisTebalán,1,1,0.0,0.001547806323841599,1
author:UC1WlJfQmaIskYhP4gmWoamw,author,@marthareiss5434,1,1,0.0,0.0016124992815849367,1
author:UC1Y7x3h0c95Z8kUhi-Tzaeg,author,@rosadiaz9235,1,1,0.0,0.0015488865414909278,1
author:UC1vr9aaMI2crB0NvwFHUeoQ,author,@JoseSimilox-p6e,1,1,0.0,0.0015320402552515566,1
author:UC2Y_EHWQKevubk4vOEBBFxw,author,@alfonsomorales2653,1,1,0.0,0.0015320402552515566,1
author:UC2ngpd8UBQu4gcUYy0goAtg,author,@juliohernandez7438,1,1,0.0,0.001593143569719094,1
author:UC2weSE8rpqkGMOp6StYtVfg,author,@katerynsantiago2907,1,1,0.0,0.0015320402552515566,1
author:UC32oozucwCF3q8d4m8fyOUg,author,@RauldejesusOlivagonzalez,1,1,0.0,0.0015306593800614716,1
author:UC3E9mAgP7VoAE5mZoAexl5g,author,@EnnioAroche,1,1,0.0,0.0015320402552515566,1
author:UC3MYTqpQqlWBuCB7Th0e0PA,author,@isaaclopez7220,1,1,0.0,0.0015320402552515566,1
author:UC3NMzdMYryaw82kPTnsaljg,author,@marisosa7832,1,1,0.0,0.0015320402552515566,1
author:UC3UVO7pTbeYvZ3ILEyRDskQ,author,@rosaelenaargueta79,1,1,0.0,0.0015306593800614716,1
author:UC3XTwHxygNCgjndsg-UiCQA,author,@marioajset4283,1,3,0.0,0.0015320402552515566,1
author:UC3YpzAr7pcdKC7BVFEpYzog,author,@carmenfigueroa1232,1,1,0.0,0.001547806323841599,1
author:UC3iIU62XKUOWuqL8BqBzj9A,author,@antonioduarte2288,1,1,0.0,0.0016292316770454844,1
author:UC3qn1yJA5PeW9rkGPatQxiw,author,@VICTOREST19,1,1,0.0,0.0015320402552515566,1
author:UC4Avya4kmR4Q0FrfFdBozSQ,author,@davidlima1348,1,1,0.0,0.0015306593800614716,1
author:UC4cXueR2bKGFJV0Fk76gwmA,author,@aluxdel4792,1,1,0.0,0.0015320402552515566,1
author:UC4kg7zuTfqQKLd2bkZrSYBA,author,@zoilagarcia9019,1,1,0.0,0.001629019971092275,1
author:UC4wq3DcbfaG6dtCqn8Oyu3w,author,@hugoasencio7764,1,1,0.0,0.0015320402552515566,1
author:UC5H8ASmMC9WrURmzeB4ySog,author,@ManuelEdran,1,5,0.0,0.0015320402552515566,1
author:UC5PrBbmUlQolwqmiru7yZhw,author,@lazarochavez8269,1,1,0.0,0.0016292316770454844,1
author:UC5PyGvSfFM--OVKmQ3COu6g,author,@FreddyGmez,1,1,0.0,0.0015921333404745244,1
author:UC5bG9nc_JV3FsNP2KseQiYw,author,@giovannirodas4836,1,1,0.0,0.0015320402552515566,1
author:UC5fvhAfm89JH8eDFdvc0xYw,author,@isaidiaz2388,1,1,0.0,0.0015921333404745244,1
author:UC5hvEnRUzI4Kfvwnyi4QxqQ,author,@leonelsantizo5281,1,1,0.0,0.0015306593800614716,1
author:UC5wuDq3U3vRAhOQI3D7gNdw,author,@allanreneramirezgonzalez534,1,1,0.0,0.0014930779515296639,1
author:UC63tFvbQ_hJhGDi2nbjssjw,author,@AbigailRodas-w2r,1,1,0.0,0.001547806323841599,1
author:UC650pRT-OYzny3GwOH8Cgfw,author,@edvinparedesherrera7632,1,1,0.0,0.0015320402552515566,1
author:UC6PvO1_k5lHKGdAPo5_C6TA,author,@johnmejia992,1,1,0.0,0.0015320402552515566,1
author:UC6Uj1FT5JjDSF8vudvDxPAA,author,@alfredoortega9264,1,1,0.0,0.0015306593800614716,1
author:UC6YSZqL0vEcI-niPKIMUGfw,author,@maxwellsales885,1,1,0.0,0.0015320402552515566,1
author:UC6xI_MOaxajIWpoP8BH6E_Q,author,@jahirdiaz5862,1,1,0.0,0.002849002849002849,1
author:UC72gBAtyb_VXQlYDcFrh6oQ,author,@osmanmorales3012,1,3,0.0,0.0015320402552515566,1
author:UC7IMsCxfZyWN7YQo8-JYa6Q,author,@Burgos68,1,2,0.0,0.0015488865414909278,1
author:UC7VUuJr9cGh845CmTvf7TlQ,author,@LuisCastillo-oz4df,1,1,0.0,0.0015320402552515566,1
author:UC7dadZG7kkGYnsNu6td0FbA,author,@lesolorzano,1,1,0.0,0.0015306593800614716,1
author:UC816IGbFCZinfYS1LRDaaHg,author,@ingenieroar,1,1,0.0,0.0015306593800614716,1
author:UC8F2V63KZ4ZEay6opX2hAQw,author,@carmenr6311,1,1,0.0,0.0015320402552515566,1
author:UC8G5cJONY8L9voMyBW8Eoug,author,@luisparedes-pw6qt,1,1,0.0,0.0015320402552515566,1
author:UC8r11yOugM2NuRfitQOxLLg,author,@cesaraugustomoralesmonroy6907,1,1,0.0,0.0015320402552515566,1
author:UC8xlJWNHz1V_W6q3fbuQH8g,author,@NormaLópez-v7e,1,1,0.0,0.0015488865414909278,1
author:UC95PSMouTx2N5CbSq0hIyrQ,author,@lisss1908,1,1,0.0,0.0015306593800614716,1
author:UC9Wp6vL5oCU37qC3Aj94WZA,author,@ManuelSanchez-b8q2z,1,1,0.0,0.0016292316770454844,1
author:UC9vMq1YF-e7C-VO0SHkbUTA,author,@ErvinLeonardoCarreraLatín,1,4,0.0,0.0015320402552515566,1
author:UC9xr9QvIcDvoZNUX5f-jaZw,author,@MariaaliciaColonmorales,1,1,0.0,0.0015320402552515566,1
author:UCA93ym2TXs_Ibyxb4Vcn-6Q,author,@oswaldosolis8728,1,1,0.0,0.0015320402552515566,1
author:UCAKuKvcbfnBD3kF5njNu-IA,author,@melvinlopez7096,1,1,0.0,0.0015306593800614716,1
author:UCAV7QIjYhbDJaycQycM_0eQ,author,@mariavail8998,1,1,0.0,0.0015488865414909278,1
author:UCAlzM_N6xBlMYmM8EBzX86Q,author,@carlossoto3252,1,1,0.0,0.0015320402552515566,1
author:UCAmtbUiIrUIhikru0ZoTFig,author,@Aura-vf6dm,1,1,0.0,0.0015320402552515566,1
author:UCAxvOOHQk7dYPOajzFEVtbA,author,@ruddydepaz322,1,2,0.0,0.001593143569719094,1
author:UCB5p8a5gklc80jJItP6xTHg,author,@ernestogamboa8737,1,1,0.0,0.0015320402552515566,1
author:UCBlm80VQ4YoV3bUJR_XhkaQ,author,@rosadiaz6945,1,2,0.0,0.0016124992815849367,1
author:UCBtB5dIyx-C16UN8ClUD2UA,author,@alexmonzon4257,1,1,0.0,0.001629019971092275,1
author:UCCBYcToQ2dwkd6TJh0FSyDg,author,@lidiarodriguez3493,1,1,0.0,0.0015306593800614716,1
author:UCCUmP4PlbwgikVFpYwbtRTg,author,@alhvi,1,1,0.0,0.0015381451897200828,1
author:UCCaYwkkbQGcvFoUmothVdQQ,author,@OsvaldoAguirre-l3i,1,1,0.0,0.0015320402552515566,1
author:UCDIMztpVm7G27qBuiWuT6oQ,author,@lizardomorataya8274,1,1,0.0,0.0015320402552515566,1
author:UCDPWkUX3sNNaCx-m1dV4glA,author,@hectoroliva949,1,1,0.0,0.0015320402552515566,1
author:UCDQaQv0hr2SS_PO-CMEwVHg,author,@federicosaquimux1933,1,1,0.0,0.0015320402552515566,1
author:UCDUffaruH6dyUnUGwsTKpgg,author,@luisletona2842,1,1,0.0,0.0015320402552515566,1
author:UCDftMWXQoJ6nONfY7GVOVjg,author,@luisgpacheco5858,1,1,0.0,0.0015320402552515566,1
author:UCDlr1VadSucIZgZ171pRBjQ,author,@cuabatzjj5924,1,1,0.0,0.0015320402552515566,1
author:UCDrmf9y9nLgFY5wnA2hTuGA,author,@laboratorio5528,1,1,0.0,0.0015306593800614716,1
author:UCEHXl4VvvVpq-_4xC5tsbhg,author,@anibalg47,1,1,0.0,0.001547806323841599,1
author:UCEgEQmRbtL5fwr9_DqAC--g,author,@ArielRodas-g5y,1,1,0.0,0.0015320402552515566,1
author:UCErZPJpHmLCsXs8ZWkAUupQ,author,@dorisl.garciaroche7763,1,1,0.0,0.0015320402552515566,1
author:UCFFrEmn6lPYiWyElpfzTy5Q,author,@denilsonlopez4083,1,1,0.0,0.001629019971092275,1
author:UCFOxCyF926Y9eHhMeVoWLzw,author,@arielsarc09,1,1,0.0,0.0015921333404745244,1
author:UCFUuDARXdmmIrLppEqf-rFg,author,@allanmunoz7410,1,1,0.0,0.0015320402552515566,1
author:UCFhxtoeARHPnXXPcDrOU3Xg,author,@diegoalejandrolopezmendez205,1,1,0.0,0.0015320402552515566,1
author:UCFjudnPLoaSL1BaRuLahyHg,author,@HaroldoCastillo-rh9iw,1,3,0.0,0.0015320402552515566,1
author:UCFoIAE8k82D6AV-8gjjKaNg,author,@eddymunoz9789,1,1,0.0,0.0015320402552515566,1
author:UCFxE8GbokBrBsPEKM1xrOjQ,author,@JuanDavila-qd7qj,1,1,0.0,0.0015320402552515566,1
author:UCFybmWapGvBKcQod7cPPH9w,author,@vitalianochavez8382,1,1,0.0,0.001547806323841599,1
author:UCGGHbtfbbe0o68etrOf0qxw,author,@karensussetteleonvargas9794,1,1,0.0,0.0015306593800614716,1
author:UCGX_UbAQOXGZknv5iqklwTA,author,@ronaldgarcia8522,1,1,0.0,0.0015488865414909278,1
author:UCGZMgmM92E3njyXNe9-kjAQ,author,@pasionpornada,1,1,0.0,0.0016124992815849367,1
author:UCGj2v6Gl5bN8NSrzJMXS-CA,author,@juliogutierrez492,1,1,0.0,0.0016077014328305843,1
author:UCGm3gRBEHGRJYmtCryZLtDw,author,@JoséLopez-g6k,1,1,0.0,0.0016292316770454844,1
author:UCGqKxQS-z3NZzZF-2w338AA,author,@samuelaguilar529,1,1,0.0,0.0015921333404745244,1
author:UCGzXwyCzMzGmjmCbH3Hg01Q,author,@FidelZacarias-ph7dy,1,1,0.0,0.0015320402552515566,1
author:UCHGd14aYuZZShLD73dkk6mg,author,@noemiherrera3152,1,1,0.0,0.0019761768014137345,1
author:UCHMQ_lDhibZ-XZ_3fo6oxwg,author,@crislexrubi4387,1,1,0.0,0.0015921333404745244,1
author:UCHbwIx9pmQuf7i-4_xO2EpA,author,@caminoseternos752,1,1,0.0,0.0015306593800614716,1
author:UCHhHUjaMAZ8SiXdCUCj9DkQ,author,@fredymendez1786,1,2,0.0,0.0015320402552515566,1
author:UCHu8x4MVkayU6VgwVKd--MQ,author,@Hernandez-i1o,1,1,0.0,0.0016292316770454844,1
author:UCIUhbSCy3-SGRe5UtqM4fzQ,author,@jeanmorales1677,1,1,0.0,0.0015921333404745244,1
author:UCIXLDYqR_syskKRJy_x9W9Q,author,@carlitosramirez4739,1,1,0.0,0.001593143569719094,1
author:UCIgoiXdIKJyUGmUoH2Lxdzg,author,@susievidal4134,1,1,0.0,0.0016124992815849367,1
author:UCIp19h9igblA2YKfSLPDAug,author,@JoseReyes-rn6sh,1,1,0.0,0.0015921333404745244,1
author:UCJp3OrVYcBorC94sKwdch_A,author,@ULJoshmg2011,1,1,0.0,0.0014930779515296639,1
author:UCJxJC56BSAX-ArD0NAb9qnQ,author,@alfonsowilian9157,1,1,0.0,0.002194383313311013,1
author:UCKDR0f2fu2UzWL8mBv5-BHw,author,@mireyamorales6595,1,1,0.0,0.0015320402552515566,1
author:UCKVzDUqbtdSMBcexaEtMmzQ,author,@rotorairgroup8409,1,1,0.0,0.0018670735454650957,1
author:UCL13XhnRzbGokEkCkEOb0-g,author,@raquelprado3643,1,2,0.0,0.0015320402552515566,1
author:UCL1MT278vSaQ83ZDkVWn1gw,author,@elmorodriguez6978,1,1,0.0,0.0015320402552515566,1
author:UCLFdHr9BEbXHkoJopbEPLZw,author,@kanterra4584,1,2,0.0,0.0015320402552515566,1
author:UCLXYp1Cvc5DLtq5UQL5D9vw,author,@jorgecifuentes-m5g,1,1,0.0,0.001593143569719094,1
author:UCLggDc_a5HriXv7I1h02sOA,author,@guillermogonzalez5153,1,2,0.0,0.0015320402552515566,1
author:UCLh1Kde4_vI1sTZBkTNP7RQ,author,@JoelReynoso-d4r,1,1,0.0,0.001629019971092275,1
author:UCN2N_wYOw6fMwCeSzdXLPIw,author,@danielantoniogonzalezflore4901,1,1,0.0,0.0015488865414909278,1
author:UCN6qbfPSzFtjhqUDZ3Cv3CQ,author,@carlosmedranovelasquez6380,1,1,0.0,0.0015320402552515566,1
author:UCNBnKqWf4d-rS4HwJRQljmQ,author,@LE_A22,1,2,0.0,0.0015320402552515566,1
author:UCNIeXbV_mEwpa412h1aqUWw,author,@juandeleon9060,1,3,0.0,0.0015488865414909278,1
author:UCNiMNUJvaRJb0_QLClqwVnA,author,@Santiago.Nolasco,1,1,0.0,0.0018670735454650957,1
author:UCNkcuy42zEwddwEcOd_HpnA,author,@vanigomez492,1,1,0.0,0.0015320402552515566,1
author:UCNpt5CQlTzNjlAKY6CJtClQ,author,@eustaquiogomez9975,1,1,0.0,0.0015306593800614716,1
author:UCO0zwwLWGyDgQmWPJ5Qrr1w,author,@elsalvador3605,1,1,0.0,0.001593143569719094,1
author:UCOARn3hnfkB7-_Rwa8Hoqcw,author,@nicelol5241,1,1,0.0,0.0016077014328305843,1
author:UCOLGv5Pf6BF2wFcwUzgcvHg,author,@welfrealdana5559,1,2,0.0,0.0015320402552515566,1
author:UCOLHH4ZpMxPYF-Q6e6wvn5A,author,@luisroldan7374,1,1,0.0,0.0016124992815849367,1
author:UCOS8ViEkccrTZx2w2ccxotA,author,@OscarHernandez-q8y,1,1,0.0,0.0015320402552515566,1
author:UCOY3XpD9qMCRSA8AA8c4CAw,author,@franciscorodas9686,1,1,0.0,0.0015381451897200828,1
author:UCOcUI5XkTYNMSFhZNMIPpGg,author,@hendersonlopez3864,1,1,0.0,0.0015306593800614716,1
author:UCOh6DaZC_x9HASnlRylEMfw,author,@AndresMedina-v1s,1,1,0.0,0.0015320402552515566,1
author:UCPLW0HE3siElqCgXfgWxMqg,author,@elizabethmonterroso7719,1,1,0.0,0.002849002849002849,1
author:UCPNXmbOBVeC4HS-xemvcPtQ,author,@BelkisRodriguezRamirez,1,1,0.0,0.0016124992815849367,1
author:UCPZueDLrCS4BmTBRMA4q0fA,author,@kevinochoa3695,1,1,0.0,0.0015488865414909278,1
author:UCQIdKuZ-OzuFqy0KjGrgesg,author,@lyacausa,1,1,0.0,0.0019761768014137345,1
author:UCQM2tCKRRytVDRxNUfCDqQQ,author,@elioelias7267,1,1,0.0,0.002849002849002849,1
author:UCQMMuADgqWUOcJpLwHOzC-g,author,@Ripped-Yoda,1,1,0.0,0.0016124992815849367,1
author:UCQ_-LPP8JAbfkc-b1Q6NvWw,author,@MegaKristenstewart,1,2,0.0,0.0015320402552515566,1
author:UCQgYjVngJRfPHDLGB5X6ZjA,author,@oscarnavas9996,1,1,0.0,0.0015320402552515566,1
author:UCQqetiwzzmRNTM5OWuXarGQ,author,@isaiaslopezvelasquez1539,1,1,0.0,0.0015320402552515566,1
author:UCQqlPPUGqAfWjd-FSh_qn7Q,author,@estuardoargueta137,1,1,0.0,0.0015306593800614716,1
author:UCQtICyzWmhC5woCtbNgaSmg,author,@nestormendez6216,1,2,0.0,0.0015320402552515566,1
author:UCQtSFINs1h6GHkpg9o5kMvg,author,@MacarioMartinezruiz,1,1,0.0,0.0015320402552515566,1
author:UCQyOePccUP-fIJYzchAgZYw,author,@aguilar4254,1,1,0.0,0.0015306593800614716,1
author:UCRAquv8el-tQ30bN7MlmySQ,author,@iamjimalesssa,1,1,0.0,0.0015306593800614716,1
author:UCRETAiYdh2dL5ZxB0_N1zDA,author,@Joseroland21,1,1,0.0,0.0015320402552515566,1
author:UCRcSR3Lvn9DZAmJpVPANfZQ,author,@WalksandSuch,1,1,0.0,0.0015921333404745244,1
author:UCRelkU8JiZBytTzebJxaa-w,author,@danyraymundo2942,1,1,0.0,0.0015320402552515566,1
author:UCRfkkatKrNtAARnXMMYBGlA,author,@BernerSoza-mg3vx,1,1,0.0,0.001547806323841599,1
author:UCRlCV9zSn7avAWh-9_XFWqQ,author,@ronyarana8849,1,1,0.0,0.0015320402552515566,1
author:UCRvPToDkkumha7WJAfCDk1A,author,@ligiaguerra3057,1,1,0.0,0.0015306593800614716,1
author:UCRznz9-N3Qc1w-qNdLSIY2Q,author,@jimmygomez724,1,1,0.0,0.0015921333404745244,1
author:UCSTAUWVc1_82DHYeqOsqEFA,author,@TheAlexX_C,1,1,0.0,0.0015921333404745244,1
author:UCSou6a2OuYGSvPjm5psquyA,author,@FranciscoRivera-sf7ne,1,1,0.0,0.0015320402552515566,1
author:UCTD6q1nyIe3Y7HhqjaMj72w,author,@JuanChang-r6k,1,1,0.0,0.0015320402552515566,1
author:UCTP3O0rMnc8z8v8jaDQwL0w,author,@RobertoZelaya-x1v,1,1,0.0,0.0015320402552515566,1
author:UCTTILH6QCIxbTnEWxwRqs1g,author,@3762Jorge,1,1,0.0,0.0015381451897200828,1
author:UCThW2XNsAaBKme5PUt7n-Zg,author,@thelmamoran8565,1,1,0.0,0.0015320402552515566,1
author:UCTwSut16JyAg3mX6LVUNGqA,author,@SuperVictor2005,1,1,0.0,0.0015320402552515566,1
author:UCTylKrsqkrBKIqubMu_5N0Q,author,@edwingeovanymarroquinmarro6684,1,1,0.0,0.0015320402552515566,1
author:UCUIIIPTVDVHAXqhC_5V6lPA,author,@gorrarota,1,1,0.0,0.0015320402552515566,1
author:UCUoYsrx1oZnCZ0usbBJn4fA,author,@AnaDiaz-re9sq,1,1,0.0,0.0015306593800614716,1
author:UCV0iizTBoOfdAFX_thfI9BA,author,@BenjaminLarios-jd8nk,1,1,0.0,0.0015320402552515566,1
author:UCV0lM03g5fg5pbPj97-sAtA,author,@genarodelgado3929,1,1,0.0,0.0015306593800614716,1
author:UCV3fr-YOixFKCZBbJP1-X4w,author,@albertoshernandez5251,1,5,0.0,0.001547806323841599,1
author:UCVC2QugcI1G4RvlCiUqd1aQ,author,@rwdm76,1,2,0.0,0.0014930779515296639,1
author:UCVQf0tzL7xRzFJsABVVULpg,author,@DennisseLopetegi,1,1,0.0,0.0015488865414909278,1
author:UCVdjCrh4tQoX3haNAZv-n5A,author,@aurahernandez5646,1,1,0.0,0.0016124992815849367,1
author:UCVhif9eV0f8plICen2DnpKA,author,@blogarteplus,1,1,0.0,0.0016077014328305843,1
author:UCW-JC6lebVmf2P1dmY_L94g,author,@dinoraoroxon5771,1,1,0.0,0.0015306593800614716,1
author:UCW80DaMjQlEUibC98Cot-Dg,author,@rogeraldana4289,1,1,0.0,0.0015306593800614716,1
author:UCWIZUtKJ636y-4TYrNvok0g,author,@cesarandreas7824,1,1,0.0,0.0015320402552515566,1
author:UCWWkebAekppaL5b5CNlppuw,author,@ninettmartinez425,1,1,0.0,0.0019761768014137345,1
author:UCWaRixDdpgllTBf4V0jPnKQ,author,@hectormaaz5523,1,2,0.0,0.001547806323841599,1
author:UCWoAVGVqCn4xtINCMOTM4jg,author,@OmarMartinez-vv8re,1,1,0.0,0.0015306593800614716,1
author:UCWvntqPQx99k_Z_skWKqNSA,author,@AntonioChiyal-x5s,1,1,0.0,0.001547806323841599,1
author:UCXN2s7DwTJm33xO-pNkAdaA,author,@edithsan7688,1,1,0.0,0.001593143569719094,1
author:UCXO1BBohNWXkK9SBDAG2ySg,author,@JBFlute92,1,1,0.0,0.0015381451897200828,1
author:UCXSkL3ejZ8qWYyF_M7s_QKA,author,@JacintaTzoy,1,1,0.0,0.0015320402552515566,1
author:UCXVLc8CmAO813ubM-fLvCDw,author,@herminiasaquimux7565,1,1,0.0,0.0015381451897200828,1
author:UCXXh7yg5KUFIWylTiKVEFKQ,author,@MrDuenderojo,1,2,0.0,0.0015320402552515566,1
author:UCXgr7vXlRrsaskPdo097kGA,author,@Rogergh-nw4oj,1,1,0.0,0.0015320402552515566,1
author:UCXl30Y_upRqbti52fmjK4YA,author,@capitanfrans,1,1,0.0,0.0015381451897200828,1
author:UCXmrpc6Li0spcKxtS0Q_ptg,author,@melvinperez6710,1,1,0.0,0.0015921333404745244,1
author:UCXr8_5WtGeipe4haOoQDgyQ,author,@amyherrera7352,1,1,0.0,0.0015320402552515566,1
author:UCY7Hq7F9Lnucf-Yr6JkHZNw,author,@maynorcalel1442,1,1,0.0,0.0015921333404745244,1
author:UCYN4wSQ1Sx4_LurxLlW7MPg,author,@belarminavillatoro6474,1,1,0.0,0.0015320402552515566,1
author:UCYwpX26TrCxq8TvbKGRYLXA,author,@beneficioelcaminovillacana8540,1,1,0.0,0.0015320402552515566,1
author:UCZ51R_9Q9C0c8I3pAWhtmjQ,author,@belvettzapeta1251,1,1,0.0,0.0015320402552515566,1
author:UCZFQwqh90apuL8eFhvRBkUg,author,@luisricardo9671,1,1,0.0,0.001547806323841599,1
author:UCZIQnb1fkwe39Iw2TAu-bGA,author,@jorgegomez2237,1,1,0.0,0.0016077014328305843,1
author:UCZLG9qH0tUjNhEGFIUt0CYw,author,@SoniaMarroquin-y6e,1,1,0.0,0.0015320402552515566,1
author:UCZOmq6MwFDVoCaEl99BRRaw,author,@daniloarevalo3170,1,1,0.0,0.0014930779515296639,1
author:UCZeIIQrGAedW8tCbKWmGY-A,author,@mariocordon8873,1,1,0.0,0.0015306593800614716,1
author:UCZjm6U576nX8WOiLhmMR3bw,author,@MariaNavarroYT,1,1,0.0,0.0016124992815849367,1
author:UC_3xuTXvMIWU5MYP9HkJ3vQ,author,@Historia-wm4os,1,1,0.0,0.001593143569719094,1
author:UC_6KbBY1bsYXz9fwFS0eQRg,author,@imrcp5694,1,1,0.0,0.0014930779515296639,1
author:UC_LYoGs5C3mbZKZuKuqYCvw,author,@javiercifuentesarchila6041,1,1,0.0,0.0015306593800614716,1
author:UC_NRVt2UP88ZNTwzrZ66JSg,author,@aditalissethevasquezrojas8039,1,1,0.0,0.002849002849002849,1
author:UC_ljZ1hZXR9pzexFz87P5ZA,author,@ChRiStOpHeR7969,1,1,0.0,0.0015921333404745244,1
author:UCa36MjQLoPAmgJo-R3G8WQA,author,@elsasalguero6914,1,1,0.0,0.001547806323841599,1
author:UCaKAjTW9MVub_clgr4DRYjQ,author,@josecastillo4390,1,1,0.0,0.0015306593800614716,1
author:UCaT4saRcyqCLE657Rq2hhZQ,author,@elmilenial4064,1,1,0.0,0.001547806323841599,1
author:UCaT6M2zp7X6r6Whd8Vv3kHQ,author,@alexarcos8349,1,1,0.0,0.0015921333404745244,1
author:UCat2qkYvqmtDNEmo2PVuhXw,author,@DoraSalas-j5o,1,1,0.0,0.0016124992815849367,1
author:UCbNanjFI51cwGqMAb2rOrBw,author,@RosaMontesdeOca777,1,1,0.0,0.0016124992815849367,1
author:UCbYoNG5J3Au5BqtbXogfEFw,author,@Luis-gn3fj,1,1,0.0,0.0015488865414909278,1
author:UCcFIBN-rtC3d3hXeuN5TfWw,author,@DenisRMC,1,1,0.0,0.0015381451897200828,1
author:UCc_F88PzGWtA1OPNUEASulA,author,@rockyscarlet,1,1,0.0,0.0015381451897200828,1
author:UCcfdg8crmMJwEuLUsAhV7yg,author,@RolandoRaguay,1,1,0.0,0.0015320402552515566,1
author:UCdQAuWwyC99MB7Y02Umj26Q,author,@miguelbran1268,1,1,0.0,0.0015381451897200828,1
author:UCe8JZoYkX5oKUZyivHYdXhw,author,@FernandoGarcia-jg1fj,1,1,0.0,0.0015306593800614716,1
author:UCeDNEtI8_a42bZ47wJiJMwQ,author,@EdgarcalderonCalderong,1,1,0.0,0.0015306593800614716,1
author:UCeQk-WfEA-cJRq4EKeE7TOw,author,@franciscojuarez9223,1,1,0.0,0.001547806323841599,1
author:UCefAH1MbvADWUjE9WVcB9EQ,author,@jabriz8152,1,1,0.0,0.0015381451897200828,1
author:UCf5lnNZF7Qrtli9v4N_23WQ,author,@CarlosCortez-v5r,1,1,0.0,0.0015488865414909278,1
author:UCfM3nrxtTQMY5jFx1v1J4Gg,author,@edgarroldan5539,1,1,0.0,0.0015320402552515566,1
author:UCfRqgt2O-vjzUDMZY_tnxQw,author,@Williams-Garcia67E,1,1,0.0,0.001629019971092275,1
author:UCfXykdbSU97rj987LDUGfvg,author,@MariaSantos-c8y3h,1,1,0.0,0.001593143569719094,1
author:UCfjhejO7LZy4doXURa7LZCQ,author,@HonwayLee-z5g,1,1,0.0,0.001593143569719094,1
author:UCfo_yUPzy1f1POwwZxhZ06Q,author,@lara11roberto,1,1,0.0,0.001547806323841599,1
author:UCg3eIfd7BrsLEqS0BLkftHA,author,@ErmePérez-q4s,1,3,0.0,0.0015488865414909278,1
author:UCgGqw4aqMdMVSGkKiMgrJRQ,author,@pattyfigueroa5609,1,1,0.0,0.001547806323841599,1
author:UCgJNFj5dnxXpcMvmuhZDPxA,author,@NataliaRodriguez-rx5mr,1,1,0.0,0.0015306593800614716,1
author:UCgLrWFdYitoP-b7-PxtUr-w,author,@zetag,1,1,0.0,0.0015921333404745244,1
author:UCgLurCo-e019HGODcjXHWCw,author,@perritojuega1,1,1,0.0,0.0015921333404745244,1
author:UCgQJgI9vu1FI2dnC9mrFthw,author,@srms70,1,1,0.0,0.0015488865414909278,1
author:UCgQw_Sbq3ugruDUKsq1e0-A,author,@marlenareano-h4t,1,1,0.0,0.0015306593800614716,1
author:UCgvw7xIdGFupzpt1Y_BFkEA,author,@fredygarcia9151,1,1,0.0,0.0015320402552515566,1
author:UCh5ESQvtzyHDhCA7XyekCFA,author,@andyB5280,1,3,0.0,0.0015320402552515566,1
author:UChT7pzGytNd92Nmvi-zuWog,author,@sparkvalkov,1,1,0.0,0.0015381451897200828,1
author:UChZknRmJkeGeQk0-mQuhDOg,author,@OdilioRodríguez-c5w,1,1,0.0,0.0015320402552515566,1
author:UCheEJ5GZuIvV0fj-nXyVwXw,author,@rosaoliva9389,1,1,0.0,0.001547806323841599,1
author:UChep9kVb5gQmpodEEl10Xlg,author,@carlosaguilar-kz7ml,1,1,0.0,0.0015320402552515566,1
author:UChgkn5Jt5tWKYMoEOuCjz3Q,author,@pablochitay46,1,1,0.0,0.0015320402552515566,1
author:UChs3tU2BcKOT0CezykvAsGw,author,@byronpontaza,1,3,0.0,0.0015320402552515566,1
author:UChyps3dqY-VY1_wLeq-2lhw,author,@maydamorales4395,1,1,0.0,0.001547806323841599,1
author:UCi-vPdnpQreC7BkFs40mJGA,author,@bryansicasales4280,1,1,0.0,0.0015921333404745244,1
author:UCi1b_TRQfgO1Z9O2gNGGWNA,author,@davidisraelesquitsaquil,1,2,0.0,0.0015320402552515566,1
author:UCi2KiZq63sRq8Mfbcp-MelQ,author,@eugeneramirez4405,1,6,0.0,0.0016124992815849367,1
author:UCiC-Jn7wdgyQV4_Urk0DkWQ,author,@pedroros6358,1,1,0.0,0.0015306593800614716,1
author:UCiGRBf2RNF0WRKhRVT7zFoA,author,@edwinavila4876,1,1,0.0,0.0015320402552515566,1
author:UCiMythXHsw7eQEMykCdmMUA,author,@JavierBecerra-h6x,1,1,0.0,0.0015320402552515566,1
author:UCiOZX__1gahg1ypIj0_XG_w,author,@mariogonzalezorellana8956,1,1,0.0,0.001547806323841599,1
author:UCipetjeiWj4CZB6EbyYziZg,author,@OseasSamayoa-ol5rz,1,1,0.0,0.0015320402552515566,1
author:UCj-LL25XJnjxepPKCc3NGog,author,@anaaguirre8985,1,1,0.0,0.0015320402552515566,1
author:UCjJf-AJKRFFWtiN-CSwkDmA,author,@2jose82,1,1,0.0,0.0014930779515296639,1
author:UCjSKM9j0Q7HLDr1hD6D-TUw,author,@josehidalgo4875,1,1,0.0,0.0015320402552515566,1
author:UCjmPuazZJzscrwvk0QR9RVw,author,@mynorrodas8591,1,1,0.0,0.0015320402552515566,1
author:UCk4O-J1BhoqPmig1KLGJePA,author,@lazarobarillas3575,1,1,0.0,0.001629019971092275,1
author:UCkVtmkK07b2zaVVNssX4lOg,author,@HectorElias-u2l,1,1,0.0,0.0015306593800614716,1
author:UCkbsS_3D-pvg1iHOld9uvIg,author,@gonzalo6075,1,1,0.0,0.0015306593800614716,1
author:UCkd9W714-947dEE6ZOEBATA,author,@ARGELIATELON,1,2,0.0,0.0015320402552515566,1
author:UCkxdJ_yGN2gghOMo2ybQtXQ,author,@11223344An,1,1,0.0,0.0015381451897200828,1
author:UCl0ekS9Tt0jJGtOEM18S63w,author,@monkchapin,1,1,0.0,0.0015320402552515566,1
author:UCld2stqxaVSk0QdGncM224A,author,@sarahernandez3873,1,1,0.0,0.0018670735454650957,1
author:UClhMWQ7XKWywYvbRnuf8QsA,author,@EcPerez-zz9oh,1,1,0.0,0.0015306593800614716,1
author:UCljDbleJul41G1TzOjOZAVA,author,@hectorcarranza3777,1,1,0.0,0.0015320402552515566,1
author:UClqA491Xa5fQcXcJJa-vTWw,author,@AndresLemus-k2d,1,1,0.0,0.0015306593800614716,1
author:UClsrFGJKWPxxw7MiaEdKLXw,author,@ericapaz5406,1,1,0.0,0.0015488865414909278,1
author:UCmjppp6ujz3SAnULvP3sZMw,author,@marcomendez7509,1,1,0.0,0.0015320402552515566,1
author:UCmvOgzmmXbjUthHy-WJ52hQ,author,@mariorodas593,1,1,0.0,0.0015320402552515566,1
author:UCnU8wO1OurAmGstDw6VGjgQ,author,@cmorera21,1,1,0.0,0.0014930779515296639,1
author:UCoGdCoJg2Lh0OX_jv6cG16g,author,@Israel-u5i7i,1,2,0.0,0.001547806323841599,1
author:UColMq7LmaoY3MT6aIDGrGvA,author,@quijotachapina1,1,1,0.0,0.0015306593800614716,1
author:UCozFYHN0e_-vlQbX3wQGOug,author,@jesusguzman2321,1,1,0.0,0.0016124992815849367,1
author:UCp29O_C7cchZV8IxV7Crdag,author,@robertoescobar5507,1,2,0.0,0.001547806323841599,1
author:UCp4iw5_5SmV9VGTFSNVGOmQ,author,@CARLOSSTREMS51,1,1,0.0,0.0015320402552515566,1
author:UCpIdtvoFHVLGASGB5ySqIEA,author,@VidalVillatoro-p4w,1,1,0.0,0.0015320402552515566,1
author:UCp_dAUfv8i3LW3zWc24dLaQ,author,@MarioCortez-o6v,1,1,0.0,0.0016124992815849367,1
author:UCpe5jW3MIqkgTJ-PgkzvM6Q,author,@carloslam5333,1,1,0.0,0.0015306593800614716,1
author:UCpl8rF8uv_8uui-QRvuJaRA,author,@SergioGarcia-z9c,1,1,0.0,0.0015320402552515566,1
author:UCplrIQtaPj6au60_f2-mOYw,author,@romeolopezherrarte799,1,1,0.0,0.0015320402552515566,1
author:UCq3mDTTRZnUybct5M9OSXbg,author,@MacoMorales-i2i2d,1,1,0.0,0.001593143569719094,1
author:UCqCrvuoJpC-aVb0f4logQRQ,author,@Lyrics_GT,1,1,0.0,0.0015306593800614716,1
author:UCqilIa8r7iek5sGYg_q6ofA,author,@rolandojuchuna484,1,1,0.0,0.0015921333404745244,1
author:UCql1n3Ey6ULMSOACjMe-fxQ,author,@RolandoGonzalez-o7g,1,1,0.0,0.001547806323841599,1
author:UCr1emrogPKkKTs_WTtx71xg,author,@domingopeneleu6457,1,1,0.0,0.0015320402552515566,1
author:UCrJn_rbo_ENAdeqneS-RmRw,author,@josecarrera9623,1,2,0.0,0.0015320402552515566,1
author:UCrqXyRsg-_hTosURZ-uvoKg,author,@flornolberto2425,1,1,0.0,0.0016124992815849367,1
author:UCsGoJEvb-cFPZ2rWoJcXzEQ,author,@sergiohinestroza9709,1,1,0.0,0.0015306593800614716,1
author:UCsJJAvrVGupdmhOqgtDp8dg,author,@nestorlorenzana1168,1,1,0.0,0.0015320402552515566,1
author:UCsSXdJct-nsS8DsABoEsaYA,author,@IvánPérez-j4j,1,1,0.0,0.0015320402552515566,1
author:UCs_5qeqdku9tGAq22y3OcuQ,author,@alexandrevasquez4135,1,1,0.0,0.0015921333404745244,1
author:UCsjs5Hp_r86x1xbK6FAeqaA,author,@alvaroesquivel563,1,1,0.0,0.0015320402552515566,1
author:UCtCtts20bW6F9CSohau51Iw,author,@carlosgranados9875,1,2,0.0,0.001547806323841599,1
author:UCtMBF_1O2jY2INlb_luuB_A,author,@mynorgudiel8646,1,1,0.0,0.0015921333404745244,1
author:UCtNfIBnc5S5DbbQj_yxgJTw,author,@JosueRamirez-ey3ih,1,1,0.0,0.0015320402552515566,1
author:UCtNyHmRZtvGF2hSvI2dUBWw,author,@aureliomaldonado4793,1,2,0.0,0.0015488865414909278,1
author:UCtUR3_CAiE7fCoZHM6cMfyQ,author,@mdelcid01,1,1,0.0,0.0015320402552515566,1
author:UCtiHFjFu7d5v2XxHnKFUYig,author,@Paul-gf7ec,1,1,0.0,0.0016124992815849367,1
author:UCtowGNY2lnlg6O2CkwDgkLg,author,@taniagabrielacelis8434,1,1,0.0,0.0018670735454650957,1
author:UCtsxPYw8VUsH_FfnKg-0lmw,author,@AlejandroPérez-b6r,1,1,0.0,0.001547806323841599,1
author:UCu8_3-Wg-YzNyvHYQDEscfw,author,@RolandoCastroPérez-d7y,1,1,0.0,0.0015306593800614716,1
author:UCuP4UK33HKtJE_S39ksmaTw,author,@herbertaguilar1387,1,1,0.0,0.0015488865414909278,1
author:UCuXmOjxC-htcprLgeVXz6Tg,author,@jorgeaguilar-bq3uj,1,1,0.0,0.0015306593800614716,1
author:UCueV9cTyTDwgQSec1x2dYgA,author,@fredydomingo7062,1,1,0.0,0.0015320402552515566,1
author:UCujPF2nBgsTD62nWE3lcpIg,author,@victorarturoruanobautista7588,1,1,0.0,0.0015320402552515566,1
author:UCusjriFsDHEc2AOjqk-p5ig,author,@pablobarrios7931,1,1,0.0,0.0015488865414909278,1
author:UCut6b9S98nv84cVX89PmKzA,author,@yeniferaguirre4498,1,2,0.0,0.0015320402552515566,1
author:UCvApqeCbLod-wejtT4CcVuA,author,@davidgaher9550,1,1,0.0,0.0015320402552515566,1
author:UCvDwJBBY1mHK70aTEYl6rsA,author,@cristianescobedo8296,1,1,0.0,0.001547806323841599,1
author:UCvl1tzQeBeGy6efPTRJXSCw,author,@RaulPerez-cw2vi,1,1,0.0,0.001593143569719094,1
author:UCwCfs-2zbD5k0lG-UVg_JBw,author,@JessicaHuaz-96,1,1,0.0,0.001593143569719094,1
author:UCwEe1RKlEv1UpNWmWYfSh4w,author,@marioramirez299,1,1,0.0,0.0015381451897200828,1
author:UCwO2SXr0ggzwg6QWWrr01nQ,author,@ricardofigueroa5720,1,1,0.0,0.0015320402552515566,1
author:UCwUAv3_LpWVtTIi7lkmTL7A,author,@kingr4706,1,1,0.0,0.0015921333404745244,1
author:UCwW2OFy95P7ZBkOPxWkpvYg,author,@TeresaLucero-b5o,1,2,0.0,0.0015320402552515566,1
author:UCwgCc9Jd_gG-uLE_SY-FfPg,author,@armindapenados2841,1,1,0.0,0.0015306593800614716,1
author:UCwha8rxULYMVtNwZWeSkE1A,author,@mariasamo8637,1,1,0.0,0.0015320402552515566,1
author:UCwjUvRseNtJoItylIyIez7Q,author,@Silviazea,1,1,0.0,0.0015306593800614716,1
author:UCwxoKK59nGCeBqB2sXfDBIw,author,@vic-bonivideos,1,1,0.0,0.001547806323841599,1
author:UCxKR3RA8T-kxMgq_2WWhRcQ,author,@elenaluarca9377,1,1,0.0,0.0015921333404745244,1
author:UCxcoDvP-g2_KTZDmVZtvb3w,author,@angelmartinez9523,1,1,0.0,0.0015381451897200828,1
author:UCxff05WuyvwELNITi7bj7UA,author,@markoherrera,1,1,0.0,0.0015320402552515566,1
author:UCxhtlxPV8AYWaNNyU6S9H8Q,author,@WilR-s8r,1,1,0.0,0.0016124992815849367,1
author:UCyJhqmMbsvjpoarBBStA2kg,author,@Murmullodelbarrio,1,6,0.0,0.001547806323841599,1
author:UCySYJU5kUh7X8gVt9la2ISA,author,@dantesarti4351,1,1,0.0,0.0015320402552515566,1
author:UCyW68EGZey4ao_Vf2cR5Ztg,author,@ZabalaXabier,1,1,0.0,0.0016077014328305843,1
author:UCyor0Mmm0ivLX2jIdyGp84Q,author,@MiguelJordan-n3g,1,1,0.0,0.002194383313311013,1
author:UCyzf29IYjNw67gGIfsjgtxA,author,@carlosoliva9249,1,1,0.0,0.0015921333404745244,1
author:UCz3gu01bmjNv0DpRq-K3XYg,author,@eusebiovasquez4385,1,2,0.0,0.0015320402552515566,1
author:UCzSfZlOVxBSs5ObD25ywxDQ,author,@GilmarMaldonado-q9m,1,1,0.0,0.0015320402552515566,1
author:UCzoL2l5H5eVlorWGH8AZfAg,author,@jor77cas,1,1,0.0,0.0015320402552515566,1
