video_id,title,channel_id,channel_name,category,view_count,comment_count_observed,has_comments_collected,coverage_status
-5puKGEqcUc,INSIVUMEH pronostica incremento de lluvias para el fin de semana en Guatemala,UCq0Cm-3SKthEySQc2JZBi1A,T13 Noticias Guatemala,News & Politics,2357,0,False,sin_comentarios_recolectados
-E7OPOLjMug,BERNARDO ARÉVALO CALIFICA CAMBIO EN EL MP COMO EL FIN DE UNA ETAPA DE DETERIORO INSTITUCIONAL,UCgItjn_ZWFWcv1MlpKIkqgQ,IDocumenta,People & Blogs,4,0,False,sin_comentarios_recolectados
-KDglrIzRKo,¡HISTÓRICO! Mexico recupera petróleo robado por Guatemala... 🔔,UC-DpoeBbCMOMOH1-j71KPqA,México Poder,People & Blogs,29736,0,False,sin_comentarios_recolectados
-O4Pa7qS9WQ,"Viaje completo Ciudad de Guatemala al IRTRA de Retalhuleu, menos tráfico, Diesel a Q42.59",UCSQM9AVr3rr7_GF8RH5KFGw,Guate Maya Trip,Nonprofits & Activism,383,0,False,sin_comentarios_recolectados
06mFNPU0aB8,Capturan a presuntos delincuentes disfrazados de mujer señalados de cometer asalto,UCVpSRoZgngfSL03Nlbjtq9A,Noti7,News & Politics,6692,14,True,participacion_observada
0LTLUY7LBlA,"Qué debes saber ANTES de viajar a GUATEMALA | Dónde cambiar DINERO, adquirir INTERNET y TRANSPORTE",UCfMjuFkpFo_QAWtvQqR2EHQ,De viaje con Migue,Travel & Events,6099,0,False,sin_comentarios_recolectados
0a4_g1R1-aA,Acciones relevantes en el #Resumen24Horas,UCHsYnV67K3J0yJ4QeciVCww,PNCdeGuatemala,Science & Technology,15455,0,False,sin_comentarios_recolectados
0b2vfzXdCqs,Cadena Nacional del presidente Bernardo Arévalo,UC-ZtFBHzgkYFh7whZkuR_Ag,Gobierno de la República de Guatemala,Entertainment,2725,0,False,sin_comentarios_recolectados
0eiVPMexNOo,CONRED se pronuncia tras sismos en el territorio nacional,UCt5Dw7ePnn0AqPqRF8Xpjkw,TN23 Guatemala,News & Politics,1875,0,False,sin_comentarios_recolectados
0iQD8zHxZIg,SE FILTRO un AUDIO de PANDILLEROS en Guatemala | DISPUTA POLITICA  Guatemala en medio de EMERGENCIA,UCoVACVT8WitFTc_Ok5yhYlg,Tras la Verdad SV,News & Politics,36701,0,False,sin_comentarios_recolectados
1-hr8eCOt_I,Este es el impacto ante el incremento del tráfico en la capital por el inicio de clases,UCwkVsH8aIOco3U_Fu7-UW5w,AztecaGuate,Entertainment,289,0,False,sin_comentarios_recolectados
1HQLJycvzaQ,Conferencia de Prensa del Gobierno de Guatemala. #LaRondaGt,UC-ZtFBHzgkYFh7whZkuR_Ag,Gobierno de la República de Guatemala,Entertainment,1175,0,False,sin_comentarios_recolectados
1kSG-naIgqk,PRIMERA SEDE MIGRATORIA REGIONAL EN CHIQUIMULA,UCWYeiFUCO0SW6BxZ8aPxVTw,Vicepresidencia Guate,Entertainment,48,0,False,sin_comentarios_recolectados
1w9faaYjhyU,Fundación de la República de Guatemala 21 marzo 1847,UCdHETJl6cR5dye5XxEyqycQ,El profe de Historia Gt,People & Blogs,31697,0,False,sin_comentarios_recolectados
1y61Kb9uSbg,Departamento de Tránsito de PNC certifica a 43 PMT en Educación Vial,UC8u2nvyHewt-mjdWSj0HJmQ,Ministerio de Gobernación,News & Politics,471,0,False,sin_comentarios_recolectados
1yHN9Ci7pXs,Municipalidad de Guatemala informa,UCXa6LVjBzUtmcM3cwbd9e2w,Municipalidad de Guatemala,People & Blogs,1617,0,False,sin_comentarios_recolectados
2iqOSL9YguA,Gabriel García Luna ya está en el MP para asumir como nuevo fiscal general,UCDaIW3kDab95q7iCSeVAnbQ,Guatevisión,Entertainment,5181,0,False,sin_comentarios_recolectados
2n31FhKmELI,TRÁFICO EN GUATEMALA,UC96TdbkzdlngA9hT1XNzJkw,Fralis Maxiel Martinez,People & Blogs,512,0,False,sin_comentarios_recolectados
2p23yPpu6aQ,#Conred,UC7PbHMtfWgBFZ_SSZ8iRhQg,Noticias-FA-Gt,People & Blogs,164,0,False,sin_comentarios_recolectados
3-jKER3zqcA,VECINO VRS AGENTES DE LA PMT EN MAZATENANGO,UC-YGRGi0FeIA5441bGlHOPw,audioschileros,People & Blogs,70811,0,False,sin_comentarios_recolectados
3LAwISMokIg,MUNICIPALIDAD DE GUATEMALA 17/12/2025,UCW_PHqwqCCalvQGOEsVU0jw,Concejales de Oposición - Muni Guate,People & Blogs,294,0,False,sin_comentarios_recolectados
3Nfp9h5avBI,"Noticiero en Directo 1 pm, 28 de Agosto de 2026",UCdSVqHGHzyMTXSafUHY-e-w,Noticiero Guatevisión 13 Hrs.,News & Politics,573,2,True,participacion_observada
3P2OUk7aGmc,Presidente presenta Segundo Informe Presidencial en Sesión Solemne del Congreso de la República.,UC-ZtFBHzgkYFh7whZkuR_Ag,Gobierno de la República de Guatemala,Entertainment,2838,0,False,sin_comentarios_recolectados
3S3KygWSjAQ,Himno de la Policía Nacional Civil de Guatemala,UCHsYnV67K3J0yJ4QeciVCww,PNCdeGuatemala,News & Politics,53021,0,False,sin_comentarios_recolectados
3bU7I_ZpXUk,Congreso inicia proceso para nombrar a nuevo Fiscal General en Guatemala y suceder a Consuelo Porras,UCEepOY2svuxbsJ-zsAPT9Fg,PrensaLibreOficial,News & Politics,7465,0,False,sin_comentarios_recolectados
3onMfRym3OU,PRIMER PUENTE DONDE ARRIBA VA EL TRÁFICO Y ABAJO UN TREN EN GUATEMALA Y AMÉRICA LATINA.,UCH1AYkCs1GpNK_xUwFYTsaQ,Cronos Time GT,Education,4484,0,False,sin_comentarios_recolectados
45xQLtMlPdo,"PRESIDENTE DE GUATEMALA, BERNARDO ARÉVALO SE REFIERE AL “DÍA INTERNACIONAL DE LA LIBERTAD DE PRENSA”",UCgItjn_ZWFWcv1MlpKIkqgQ,IDocumenta,People & Blogs,8,0,False,sin_comentarios_recolectados
4DD1nlxWk2s,Fuertes LLUVIAS en el JABALI; a si luce una Tarde de Tormenta 😱,UCKu8ZkS9vriCetFagAGIMXA,VIVA GUATEMALA,Entertainment,27111,0,False,sin_comentarios_recolectados
4FUed7cIhPU,El Sistema CONRED y el Gobierno de Guatemala trabajan unidos para atender emergencias.,UC6SA1dVHvAkc6yNS_t5cbGw,Conred,Education,47,0,False,sin_comentarios_recolectados
4H6w9FQAcS8,"Avances en temas de economía, precios de los combustibles y otros temas de interés nacional.",UC-ZtFBHzgkYFh7whZkuR_Ag,Gobierno de la República de Guatemala,Entertainment,1489,0,False,sin_comentarios_recolectados
5DRG-WGTq1k,El Sistema CONRED continúa activo y trabajando de manera coordinada #VolcánDeFuego.,UC6SA1dVHvAkc6yNS_t5cbGw,Conred,Education,68,0,False,sin_comentarios_recolectados
5MFnG5B7ric,Municipalidad de Guatemala   09/07/2025,UCW_PHqwqCCalvQGOEsVU0jw,Concejales de Oposición - Muni Guate,People & Blogs,107,0,False,sin_comentarios_recolectados
5OhxjDvuYbQ,"Operativos PMT ""Cero Tolerancia"" para fin de año",UCXa6LVjBzUtmcM3cwbd9e2w,Municipalidad de Guatemala,News & Politics,494,0,False,sin_comentarios_recolectados
5UNxNfcSzG4,Distinción del Cambio de la Rosa de la Paz a Pedro Castro López del INACOP,UC-ZtFBHzgkYFh7whZkuR_Ag,Gobierno de la República de Guatemala,Entertainment,741,0,False,sin_comentarios_recolectados
5Y7fntl6Rc8,Cómo llegar a TIKAL desde Ciudad de GUATEMALA en autobús o en Avión | transporte a PETÉN,UCfMjuFkpFo_QAWtvQqR2EHQ,De viaje con Migue,Travel & Events,11061,0,False,sin_comentarios_recolectados
5nw9G1vwnYY,Actriz guatemalteca caracteriza a Consuelo Porras frente al MP por salida del cargo,UCEepOY2svuxbsJ-zsAPT9Fg,PrensaLibreOficial,News & Politics,40327,0,False,sin_comentarios_recolectados
677N9cx_kKE,Carlos Pineda Seguridad I - Guatemala tiene solución | Ep. 2,UCInL6HZez6Qn8IHV8Achhxw,Carlos Pineda,People & Blogs,8568,0,False,sin_comentarios_recolectados
6KlI_geqPOI,Conferencia de Prensa del Gobierno de Guatemala. #LaRondaGt.,UC-ZtFBHzgkYFh7whZkuR_Ag,Gobierno de la República de Guatemala,Entertainment,2301,0,False,sin_comentarios_recolectados
6W4u8sGEnGM,Inician los trabajos de recuperación del Puente Belice II.,UC-ZtFBHzgkYFh7whZkuR_Ag,Gobierno de la República de Guatemala,Entertainment,11670,45,True,participacion_observada
6Wf0ItQUaDU,“Queremos generar 60 mil empleos”: Victorino Carranza revela el plan y las pérdidas de la Gremipe,UCoXuxT5_LclvcoCeFoS_iUw,Campus TV,News & Politics,2,0,False,sin_comentarios_recolectados
6y3KQmmg3Oc,Noticiero El Informativo. Nuestra semana de resultados.,UC-ZtFBHzgkYFh7whZkuR_Ag,Gobierno de la República de Guatemala,Entertainment,303,0,False,sin_comentarios_recolectados
6z2Psav9Onw,Conferencia de Prensa del Gobierno de Guatemala. #LaRondaGt,UC-ZtFBHzgkYFh7whZkuR_Ag,Gobierno de la República de Guatemala,Entertainment,848,0,False,sin_comentarios_recolectados
74F3Mn_NWoE,"Acto de Graduación de los Cursos de Formación, Ascenso y Especialización Policial de la PNC.",UC-ZtFBHzgkYFh7whZkuR_Ag,Gobierno de la República de Guatemala,Entertainment,1197,0,False,sin_comentarios_recolectados
7JerBdHtkWA,Cambio de horarios en Municipalidad de Guatemala,UCJcN367ge_Yo1p7b20_KSaA,Canal 3 Guatemala,News & Politics,215,0,False,sin_comentarios_recolectados
7hfUg8Z-W2o,Conferencia de Prensa del Gobierno de Guatemala. #LaRondaGt.,UC-ZtFBHzgkYFh7whZkuR_Ag,Gobierno de la República de Guatemala,Entertainment,2449,0,False,sin_comentarios_recolectados
7kuHyjwuE_o,Centro Municipal de Emprendimiento - Municipalidad de Guatemala,UCBn6Y-Y3kCAQqYXHaMIjEVw,Centro Municipal de Emprendimiento MuniGuate,Entertainment,528,0,False,sin_comentarios_recolectados
7mdtGeIHQnE,"#LHEnContexto: Gestión de riesgos en GUATEMALA: Lo que debes saber, explicado por la CONRED",UCrAoF9-9Vvb9_zK0t-m2Rhg,La Hora,News & Politics,570,0,False,sin_comentarios_recolectados
8CuQ2_HTaN0,Conferencia de Prensa del Gobierno de Guatemala.,UC-ZtFBHzgkYFh7whZkuR_Ag,Gobierno de la República de Guatemala,Entertainment,735,0,False,sin_comentarios_recolectados
8n6momRcC04,Mantenimiento constante,UCXa6LVjBzUtmcM3cwbd9e2w,Municipalidad de Guatemala,News & Politics,91,0,False,sin_comentarios_recolectados
90oVm0P4_9Q,"El MINGOB a través del Viceministerio de Seguridad, combate  el crimen organizado.",UC8u2nvyHewt-mjdWSj0HJmQ,Ministerio de Gobernación,News & Politics,5,0,False,sin_comentarios_recolectados
9BIrwWQUdb8,"Capturan a ""guardián"" de parqueo utilizado por la mara Salvatrucha e incautan 5 vehículos robados.",UCHsYnV67K3J0yJ4QeciVCww,PNCdeGuatemala,Science & Technology,23972,0,False,sin_comentarios_recolectados
9Jacxvi9umU,Los responsables de bloquear información en Guatecompras,UCDvpZGLyno6g-bi-wwYq4wQ,Somos El Combo,Entertainment,7340,0,False,sin_comentarios_recolectados
9XFVeHiWDTo,En #LaRondaGT conoce las acciones que impulsamos para modernizar los puertos y aeropuertos del país.,UC-ZtFBHzgkYFh7whZkuR_Ag,Gobierno de la República de Guatemala,Entertainment,1516,0,False,sin_comentarios_recolectados
9h7d1iDFaqo,Vuelve el tráfico lento en la ciudad capital,UCEepOY2svuxbsJ-zsAPT9Fg,PrensaLibreOficial,News & Politics,11396,0,False,sin_comentarios_recolectados
9wHujSu-nbQ,Quorum,UCE4rsXcgDb6e1-a9iTbWzfg,Quorum,News & Politics,459,0,False,sin_comentarios_recolectados
AHzfpOL5sgw,Sistema de gobierno de Guatemala 🇬🇹,UCwlb2TaG9ywiD6uhHWTy-qg,SUM Estudios Jurídicos.,Education,2895,0,False,sin_comentarios_recolectados
Aa7hIDCRh3g,Este BUS me LLEVO a UN PARAISO EN GUATEMALA,UCDfEVbDrimcKw5lfbps915g,De todo Gt,People & Blogs,504374,0,False,sin_comentarios_recolectados
AakUTlieyH0,Crisis de seguridad en Guatemala,UC-GLagjBhWAZ3IOWFgzqIAw,Canal Antigua,News & Politics,733,0,False,sin_comentarios_recolectados
Ab0RrbzxyBU,Municipalidad de Guatemala 17/11/2025,UCW_PHqwqCCalvQGOEsVU0jw,Concejales de Oposición - Muni Guate,People & Blogs,117,0,False,sin_comentarios_recolectados
AlbPEU3rbZs,Conferencia de Prensa del Gobierno de Guatemala. #LaRondaGt,UC-ZtFBHzgkYFh7whZkuR_Ag,Gobierno de la República de Guatemala,Entertainment,870,0,False,sin_comentarios_recolectados
ArljwpsURdY,"Entrevista especial con Claudinne Ogaldes, Secretaria Ejecutiva de la SE-CONRED",UC6SA1dVHvAkc6yNS_t5cbGw,Conred,Education,416,0,False,sin_comentarios_recolectados
B60bWqpVUIE,Así es el transporte público en Ciudad de Guatemala,UCBedZZFhxFcMudI8oM5joSQ,PaulinoG,Travel & Events,96794,0,False,sin_comentarios_recolectados
BLc_KXPng9g,Conferencia de Prensa del Gobierno de Guatemala. #LaRondaGT,UC-ZtFBHzgkYFh7whZkuR_Ag,Gobierno de la República de Guatemala,Entertainment,720,0,False,sin_comentarios_recolectados
BUNeDEi0yVU,CIV LICITACIÓN 800 KM 110717,UCAutgrPkiLhZxTB-Ujje1fw,CIV -Ministerio de Comunicaciones,People & Blogs,26,0,False,sin_comentarios_recolectados
BW41jT3t3oI,Provial,UCuKuUrmHoNaJJHE27Aac9PQ,PROVIAL-CIV,People & Blogs,79,0,False,sin_comentarios_recolectados
BbAeamItalk,ZARAGOZA DA UN PASO HACIA EL FORTALECIMIENTO DEL DEPORTE CON NUEVA CIUDAD DEPORTIVA,UCgItjn_ZWFWcv1MlpKIkqgQ,IDocumenta,News & Politics,7,0,False,sin_comentarios_recolectados
Bdn2nxDqQ90,Video Viral de PMT / GUATEMALA,UC6XLvudi9BWjAzCR-6KAHiw,carlos del cid,Film & Animation,2482,0,False,sin_comentarios_recolectados
Bi34XvRV6AM,Plan de Evacuación CONRED,UCyGWWWpmAP5AReA_o8bhaRg,MESCOGT,People & Blogs,58,0,False,sin_comentarios_recolectados
BnZFUzpEDe4,Municipalidad de Guatemala se moderniza,UCXa6LVjBzUtmcM3cwbd9e2w,Municipalidad de Guatemala,People & Blogs,642,0,False,sin_comentarios_recolectados
Boj5GILjbI0,"Spot Rendición de Cuentas, segundo cuatrimestre 2023 - 2",UCAutgrPkiLhZxTB-Ujje1fw,CIV -Ministerio de Comunicaciones,People & Blogs,26,0,False,sin_comentarios_recolectados
Bp4LtQT8Hk0,"Ciudad de Guatemala, el mejor lugar para vivir",UCXa6LVjBzUtmcM3cwbd9e2w,Municipalidad de Guatemala,Entertainment,4265,0,False,sin_comentarios_recolectados
C5hJmAhpMMQ,"YOUTUBE PUNTO DE ENFOQUE MARIO MEJÍA, SUBDIRECTOR DE INSIVUMEH",UClgawHgsbqN6Nuok7ds-Szw,INSIVUMEH,Science & Technology,79,0,False,sin_comentarios_recolectados
C8wk4HWwWyM,Duro golpe al crimen organizado en Granja Penal de Pavón.,UC-ZtFBHzgkYFh7whZkuR_Ag,Gobierno de la República de Guatemala,Entertainment,2214,0,False,sin_comentarios_recolectados
CDg6kLRfiqQ,Acciones relevantes en el #Resumen24Horas,UCHsYnV67K3J0yJ4QeciVCww,PNCdeGuatemala,Science & Technology,11048,0,False,sin_comentarios_recolectados
CJQ46Hr4HcU,Municipalidad de Guatemala  19/12/2025,UCW_PHqwqCCalvQGOEsVU0jw,Concejales de Oposición - Muni Guate,People & Blogs,222,0,False,sin_comentarios_recolectados
D3fRGjqHeHI,"Spot Rendición de Cuentas, segundo cuatrimestre 2023 - 1",UCAutgrPkiLhZxTB-Ujje1fw,CIV -Ministerio de Comunicaciones,People & Blogs,23,0,False,sin_comentarios_recolectados
D4CEpAfkkPI,Policías arremeten contra agente de PMT en zona 10,UCEepOY2svuxbsJ-zsAPT9Fg,PrensaLibreOficial,News & Politics,79044,0,False,sin_comentarios_recolectados
DBvMeKT4gzo,La Familia MÁS RICA de GUATEMALA… Ni la Guerra les Quitó el Trono y Hoy son DUEÑOS de tu CERVEZA,UCP1YKuLnn1WhzrkxCv1LILQ,Fortuna Latina,People & Blogs,58881,0,False,sin_comentarios_recolectados
DC1_qrLUvHI,Municipalidad de Guatemala 26/08/2026,UCW_PHqwqCCalvQGOEsVU0jw,Concejales de Oposición - Muni Guate,People & Blogs,49,0,False,sin_comentarios_recolectados
DMAKF8n0XJs,Guatemala TV • ID (2024-2026),UC7G_DpDtzHv0wbGJvvFCrNg,Mdpls²,Film & Animation,367,0,False,sin_comentarios_recolectados
DX5eT-hVU8Q,250 años Ciudad de Guatemala,UCXa6LVjBzUtmcM3cwbd9e2w,Municipalidad de Guatemala,News & Politics,491,0,False,sin_comentarios_recolectados
DkxSkQipYwo,PRESIDENTE BERNARDO ARÉVALO PARTICIPA EN EL ACTO CONMEMORATIVO DEL DÍA DEL EJÉRCITO,UCgItjn_ZWFWcv1MlpKIkqgQ,IDocumenta,News & Politics,66,0,False,sin_comentarios_recolectados
EGfy1BxGLIk,Colabore con las medidas de la PMT,UCXa6LVjBzUtmcM3cwbd9e2w,Municipalidad de Guatemala,Education,1437,0,False,sin_comentarios_recolectados
ELhvo8YnYnI,Insivumeh prevé lluvias fuertes por dos ondas del este,UCt5Dw7ePnn0AqPqRF8Xpjkw,TN23 Guatemala,News & Politics,5182,0,False,sin_comentarios_recolectados
EQDcEgFpXCk,Guatemala: Gobierno refuerza lucha contra las pandillas en medio de crisis de seguridad,UCUdOoVWuWmgo1wByzcsyKDQ,FRANCE 24 Español,News & Politics,5459,0,False,sin_comentarios_recolectados
EZfm-05qtWo,Municipalidad de Guatemala prepara plan de actividades en Semana Santa 2023,UCFu4dCls6GPdTvgIeE9wjOA,Cucurucho en Guatemala,People & Blogs,128,0,False,sin_comentarios_recolectados
F72Rdq5crG4,Cambios en el Ministerio de Comunicaciones: Salen Lizzette Benítez y Adrián Zapata Alamilla,UC-GLagjBhWAZ3IOWFgzqIAw,Canal Antigua,News & Politics,1441,0,False,sin_comentarios_recolectados
FEc1BCuBiDg,¡Estamos con ustedes!,UCXa6LVjBzUtmcM3cwbd9e2w,Municipalidad de Guatemala,News & Politics,1562,0,False,sin_comentarios_recolectados
FQP4JTo9ShA,Rafael Carrera y el nacimiento de Guatemala,UCvegRo82EipXUzAHQXZmr4A,MundoHistoria,Education,1420,0,False,sin_comentarios_recolectados
FU5zLTb4inc,#EnVivoDCA | Conferencia de prensa del Gobierno de Guatemala,UCaivrAhro2BpsJdrPe-IyRg,Diario de Centro América,News & Politics,549,0,False,sin_comentarios_recolectados
Fapc1-8m5Zc,Municipalidad de Guatemala 21/11/2025,UCW_PHqwqCCalvQGOEsVU0jw,Concejales de Oposición - Muni Guate,People & Blogs,282,0,False,sin_comentarios_recolectados
Fb2Ccfq5S9w,Reo y su esposa fueron asesinados dentro del Preventivo de zona 18,UCt5Dw7ePnn0AqPqRF8Xpjkw,TN23 Guatemala,News & Politics,15431,0,False,sin_comentarios_recolectados
FuTz67jS7m0,124 nuevos brigadas refuerzan la seguridad vial en Guatemala,UCuKuUrmHoNaJJHE27Aac9PQ,PROVIAL-CIV,Education,45,0,False,sin_comentarios_recolectados
G2u4Rbq7zU4,Arévalo anuncia nueva cárcel de máxima seguridad en Guatemala,UCt5Dw7ePnn0AqPqRF8Xpjkw,TN23 Guatemala,News & Politics,6327,0,False,sin_comentarios_recolectados
GgU7qhmf020,Sueños GT: educación para la niñez de vendedores ambulantes en Antigua | Super - Episodio 1,UCE4rsXcgDb6e1-a9iTbWzfg,Quorum,Nonprofits & Activism,167,0,False,sin_comentarios_recolectados
GjGMSFSE1gY,"“Gracias a dios, no hay reelección” 🤡",UCE4rsXcgDb6e1-a9iTbWzfg,Quorum,News & Politics,130,0,False,sin_comentarios_recolectados
HMJXf1VdM5E,Lluvia inusual de Martes Santo provoca inundaciones en zona 1 de Villa Nueva,UCEepOY2svuxbsJ-zsAPT9Fg,PrensaLibreOficial,News & Politics,1688,0,False,sin_comentarios_recolectados
H_TGv_cMwww,PMT: La fuerza laboral reguladora del tránsito más grande,UCXa6LVjBzUtmcM3cwbd9e2w,Municipalidad de Guatemala,News & Politics,2383,0,False,sin_comentarios_recolectados
I277M6i4jnY,Gestión del Riesgo de Desastres desde las comunidades.,UC-ZtFBHzgkYFh7whZkuR_Ag,Gobierno de la República de Guatemala,Entertainment,242,0,False,sin_comentarios_recolectados
IZLflL4Hgco,El ciudadano Toriello da un paso al frente,UCGSQ821fpPy-yXL9mUmKbBg,TanGente Podcast,Entertainment,28013,0,False,sin_comentarios_recolectados
IcF9rRdAtp8,Ministro de Comunicaciones Alejandro Sinibaldi realiza supervisión en la Ruta CA-1 Occidente,UCiQAWoQNcuKIAvCCFQC54UQ,Ministerio de Comunicaciones Infraestructura y Vivienda,People & Blogs,211,0,False,sin_comentarios_recolectados
J6ctng-yAnI,CIV PROVIAL GRADUACIÓN XV PROMOCIÓN BRIGADAS 140619,UCAutgrPkiLhZxTB-Ujje1fw,CIV -Ministerio de Comunicaciones,People & Blogs,2981,0,False,sin_comentarios_recolectados
JErfmk-TlRg,Rendición de Cuentas - Primer Cuatrimestre 2023,UCAutgrPkiLhZxTB-Ujje1fw,CIV -Ministerio de Comunicaciones,People & Blogs,32,0,False,sin_comentarios_recolectados
J_HBzJUTOus,Presentan estrategia nacional para prevenir violencia durante recorridos de antorchas,UC8u2nvyHewt-mjdWSj0HJmQ,Ministerio de Gobernación,News & Politics,17,0,False,sin_comentarios_recolectados
JdxHJkQjM50,🚡 ¿Cómo va avanzando #AeroMetroGT?,UCXa6LVjBzUtmcM3cwbd9e2w,Municipalidad de Guatemala,News & Politics,20901,0,False,sin_comentarios_recolectados
JgmCtBQWNL8,Conferencia de Prensa del Gobierno de Guatemala. #LaRondaGt,UC-ZtFBHzgkYFh7whZkuR_Ag,Gobierno de la República de Guatemala,Entertainment,1165,0,False,sin_comentarios_recolectados
JkpVO1hx2f8,10 Preguntas a un año del Paro Nacional,UCE4rsXcgDb6e1-a9iTbWzfg,Quorum,News & Politics,673,3,True,participacion_observada
Jr1hJ92H_Nc,"#SinMáscaras | GUERRA SUCIA PERO SUCIA EN SERIO LLEGA A TV AZTECA CON AMPARO, CAMIN Y CASTAÑEDA",UCH4M_4Ed6SUidQthmZ60M2g,Manuel Pedrero,News & Politics,62941,0,False,sin_comentarios_recolectados
K1IA6oTGws8,#EnVivoDCA | Conferencia de prensa del Gobierno de Guatemala,UCaivrAhro2BpsJdrPe-IyRg,Diario de Centro América,News & Politics,530,0,False,sin_comentarios_recolectados
K2qWcueeMOc,#EnvivoDCA | Conferencia de prensa de Gobierno de Guatemala,UCaivrAhro2BpsJdrPe-IyRg,Diario de Centro América,News & Politics,802,0,False,sin_comentarios_recolectados
K50uijsHnAM,Informe desde Ciudad de Guatemala: crisis de seguridad tras ataques contra la Policía,UCUdOoVWuWmgo1wByzcsyKDQ,FRANCE 24 Español,News & Politics,135249,0,False,sin_comentarios_recolectados
KIO6wIJXYY0,"Se tiene que cambiar el sistema electoral en Guatemala, asegura exfiscal",UC_lEiu6917IJz03TnntWUaQ,CNN en Español,News & Politics,16830,0,False,sin_comentarios_recolectados
KWCyMd4dxkY,Recorrido de los 21K BAM de la Municipalidad de Guatemala,UCXa6LVjBzUtmcM3cwbd9e2w,Municipalidad de Guatemala,News & Politics,13077,0,False,sin_comentarios_recolectados
KkNQhX_kg8A,🇬🇹HISTORIA de GUATEMALA en 17 minutos🇬🇹 - El Mapa de Sebas,UCVbOEcs6RMxXXX3WWNtl_Fw,El Mapa de Sebas,Education,749356,0,False,sin_comentarios_recolectados
LRzZy8xBrjA,Conferencia de prensa ante el incremento de los combustibles.,UC-ZtFBHzgkYFh7whZkuR_Ag,Gobierno de la República de Guatemala,Entertainment,670,0,False,sin_comentarios_recolectados
LeN6wpNIB-4,GUATEMALA RECIBE 135 NICARAGUENESES LIBERADOS POR ORTEGA,UCgItjn_ZWFWcv1MlpKIkqgQ,IDocumenta,People & Blogs,28,0,False,sin_comentarios_recolectados
LqY_vAsa4PY,“Guatemala: Una historia escrita con corrupción”,UCBQ9OCZNvmC--OH_e-qGGiA,PFNSE MEDIA,News & Politics,2291,0,False,sin_comentarios_recolectados
MMECHN8SFNw,"Noticiero en Directo 1 pm, 27 de Agosto de 2026",UCdSVqHGHzyMTXSafUHY-e-w,Noticiero Guatevisión 13 Hrs.,News & Politics,4838,0,False,sin_comentarios_recolectados
MRJ9mKnXR9M,Labor de la PMT es honesta aseguran vecinos,UCXa6LVjBzUtmcM3cwbd9e2w,Municipalidad de Guatemala,People & Blogs,1075,0,False,sin_comentarios_recolectados
MdIa2Dtj77I,"Consejos para tu viaje a Guatemala: hospedaje, telefonía, transporte y más!   ✈️ 🇬🇹",UCZyaNecz9ugVReNcNfXXurA,Aventuras de una programadora,People & Blogs,134775,0,False,sin_comentarios_recolectados
Mh94uXZvCLo,DE LOS BOTS AL RECHAZO: CERIMEDO Y LA “GUERRILLA DE LAS REDES” | CAPÍTULO 3 DE 8,UCBDxkiJk5id4TIOa1FotGUA,La Coma,News & Politics,21,0,False,sin_comentarios_recolectados
Mme4XikKnlc,Municipalidad anuncia 111 nuevos autobuses y 17 rutas para mejorar el transporte en la capital,UCEepOY2svuxbsJ-zsAPT9Fg,PrensaLibreOficial,News & Politics,3146,0,False,sin_comentarios_recolectados
N1QkRu38BFE,¡YA CAYÓ ALITO MORENO! ALERTA LO DESTITUYEN DIPUTADOS VOTAN PARA SACARLO DEL SENADO! CLAUDIA INFORMA,UC2EbdGoJZwR_WvkmB0i4rMg,Alexis Burelo,News & Politics,15747,0,False,sin_comentarios_recolectados
NCvoO61aIfw,Ya casi! Así avanza el Aerómetro que cambiará el transporte en Guatemala,UCkXkEfAaEGxUaIT6TBBkwMw,One Life,Entertainment,26744,0,False,sin_comentarios_recolectados
NcIcixCdQH4,PNC garantiza seguridad a turistas que visitan el colcán de Agua,UCHsYnV67K3J0yJ4QeciVCww,PNCdeGuatemala,Science & Technology,7681,0,False,sin_comentarios_recolectados
Nc_Iy0MriYw,🛑🛑Actualización PROVIAL🛑🛑,UCuKuUrmHoNaJJHE27Aac9PQ,PROVIAL-CIV,News & Politics,179,0,False,sin_comentarios_recolectados
NnKpTEfhWjI,✅ ASÍ es una EXHIBICION DE BUSES EN GUATEMALA,UCDfEVbDrimcKw5lfbps915g,De todo Gt,Travel & Events,424874,0,False,sin_comentarios_recolectados
O6gI0ooBM3E,¿Cómo es el tráfico en Guatemala? 56 días perdidos cada año y una emergencia nacional,UC8mJT9xUcwgEM1vaMaruysw,República TV,News & Politics,16786,0,False,sin_comentarios_recolectados
OXf_VvvyIDw,Municipalidad de Guatemala 31/08/2026,UCW_PHqwqCCalvQGOEsVU0jw,Concejales de Oposición - Muni Guate,People & Blogs,28,0,False,sin_comentarios_recolectados
OgOICSTSa7k,¡DÉJAME VIVIR! GUATEMALA INTENSIFICA LA LUCHA CONTRA LA CACERÍA ILEGAL DE FAUNA SILVESTRE,UCgItjn_ZWFWcv1MlpKIkqgQ,IDocumenta,News & Politics,6,0,False,sin_comentarios_recolectados
OkXlHx0hx-8,EE.UU. envía a mexicanos deportados a Guatemala antes de su regreso a México | Noticias Telemundo,UCRwA1NUcUnwsly35ikGhp0A,Noticias Telemundo,News & Politics,14200,25,True,participacion_observada
On7jqOm1bpg,🌟Seguimos avanzando🌱,UCAutgrPkiLhZxTB-Ujje1fw,CIV -Ministerio de Comunicaciones,News & Politics,10,0,False,sin_comentarios_recolectados
Oy6sKBhduu4,"Realizan Reunión Ordinaria de #CODEDE, 25 de febrero 2025.",UC_ONTY8RI6b-VqB-dhQ5qBQ,Camarita Castro GT,People & Blogs,84,0,False,sin_comentarios_recolectados
Oztw_Hta52I,TRAFICO EN GUATEMALA,UC6ZUGqkstVjgNPvxtb90d8A,CHAPINISIMO,Entertainment,2326,0,False,sin_comentarios_recolectados
PMaSDoG0H1U,¿Adiós al tráfico? Así es la nueva carretera Radial 6 para Guatemala,UCMJ_FUWKr7PyXfvY55BdGZg,La Red 1061,News & Politics,60,0,False,sin_comentarios_recolectados
Pg1qw0KJI4E,"Surgen detalles de la masacre en Boca del Monte: madre de un bombero e influencer, entre víctimas",UCEepOY2svuxbsJ-zsAPT9Fg,PrensaLibreOficial,News & Politics,20503,0,False,sin_comentarios_recolectados
PjmxCj-a9Hg,Conferencia de Prensa del Gobierno de Guatemala. #LaRondaGt,UC-ZtFBHzgkYFh7whZkuR_Ag,Gobierno de la República de Guatemala,Entertainment,3628,25,True,participacion_observada
Q-MNTYsZgk4,¿Qué ha pasado con la contaminación del aire?,UCE4rsXcgDb6e1-a9iTbWzfg,Quorum,News & Politics,45,0,False,sin_comentarios_recolectados
Q7j1OUxkn9w,Dañan puerta del área de parqueo del Congreso,UCmoP9Lvc92Bsl4Vu90kv9GQ,InfoGT Noticias,People & Blogs,4725,0,False,sin_comentarios_recolectados
Q7nhEeibBK4,Desfile navideño 2024  -   @MunicipalidaddeGuatemala-1551,UCbKjY2f2sGaghyrIeqjZvmg,ALIS MOLINA CREA,Entertainment,255,0,False,sin_comentarios_recolectados
QUG4etpjgos,Guatemala Habla sobre la seguridad en el país,UCaivrAhro2BpsJdrPe-IyRg,Diario de Centro América,News & Politics,35,0,False,sin_comentarios_recolectados
Qc_oHqe4Cjc,QUÉ GUARDAS EN LA CINTURA?  🔫🥕🥓🐷🤔@lilyvlogs6899 @ElJuanete1987 @Soychap1n @SimplementeFlori,UCzwR2o8LFAgAMfO0KIcFh0A,CANALES ROBOS Y MENTIRAS 💰🧐,People & Blogs,2166,0,False,sin_comentarios_recolectados
R-fRv_WoZOE,Conferencia de Prensa del Gobierno de Guatemala. #LaRondaGT,UC-ZtFBHzgkYFh7whZkuR_Ag,Gobierno de la República de Guatemala,Entertainment,1284,0,False,sin_comentarios_recolectados
RIpKKQh26cg,Ejército de Guatemala descubre túnel para fuga masiva en penal de Pavón,UCt5Dw7ePnn0AqPqRF8Xpjkw,TN23 Guatemala,News & Politics,29782,0,False,sin_comentarios_recolectados
RjG-y7Y2-k4,#EnVivoDCA | Conferencia de prensa del Gobierno de Guatemala,UCaivrAhro2BpsJdrPe-IyRg,Diario de Centro América,News & Politics,239,0,False,sin_comentarios_recolectados
Rk-3ks9mh3o,CIV ✔️ garantiza transparencia 🔍 y rendición de cuentas📝,UCAutgrPkiLhZxTB-Ujje1fw,CIV -Ministerio de Comunicaciones,News & Politics,21,0,False,sin_comentarios_recolectados
ShYWqmOpjFk,Ministro de Comunicaciones reitera sobre avances en ruta Palín-Escuintla,UCrAoF9-9Vvb9_zK0t-m2Rhg,La Hora,News & Politics,242,0,False,sin_comentarios_recolectados
SryjaiL2B4Q,#EnVivoDCA | Conferencia de prensa del Gobierno de Guatemala,UCaivrAhro2BpsJdrPe-IyRg,Diario de Centro América,News & Politics,352,0,False,sin_comentarios_recolectados
THY2YBne3QE,"Los ALUCINANTES autobuses de Guatemala | ""Burras""",UCECJDeK0MNapZbpaOzxrUPA,Luisito Comunica,Comedy,8190449,0,False,sin_comentarios_recolectados
TSID63-IC3Y,Operativo Relámpago de -PROVIAL - DGT - DIACO -  en 41 Calle Zona 8 de la ciudad Capital.,UCuKuUrmHoNaJJHE27Aac9PQ,PROVIAL-CIV,People & Blogs,332,0,False,sin_comentarios_recolectados
TT4qJ5FXHYE,"I’x K’at: el primer equipo guatemalteco de pelota maya, conformado únicamente por mujeres.",UCE4rsXcgDb6e1-a9iTbWzfg,Quorum,News & Politics,1075,4,True,participacion_observada
TTijnAoFnzY,Conred reprograma simulacro nacional para el 24 de febrero,UCq0Cm-3SKthEySQc2JZBi1A,T13 Noticias Guatemala,News & Politics,200,0,False,sin_comentarios_recolectados
TXlMv6bt25w,"Más de 42 mil afectados por lluvias en Guatemala; Conred reporta 1,046 emergencias",UCEepOY2svuxbsJ-zsAPT9Fg,PrensaLibreOficial,News & Politics,2294,0,False,sin_comentarios_recolectados
TnZGNY1RsJE,Festival navideño 2025 @MunicipalidaddeGuatemala-1551,UCuc8l25EFE17DV8dD64d2AQ,HeX4EveR,People & Blogs,148,0,False,sin_comentarios_recolectados
UDFS8gl80h8,#AprendeConCONRED qué es el Sistema CONRED y quienes lo conforman.,UC6SA1dVHvAkc6yNS_t5cbGw,Conred,Education,521,0,False,sin_comentarios_recolectados
UTf26hS1UJ8,🚦💙 PROVIAL: Proteger y Servir,UCuKuUrmHoNaJJHE27Aac9PQ,PROVIAL-CIV,Education,38,0,False,sin_comentarios_recolectados
UcvHq8j-J38,"Ministerio de Comunicaciones, Infraestructura y Vivienda y los Consejos de Desarrollo",UCJJ071vIw7Bu8lJmXfiVrKw,Ministerio de Finanzas Públicas Guatemala,News & Politics,222,0,False,sin_comentarios_recolectados
UhL9y3KUl8E,SHAI WA: la vecina queer de Casa Presidencial,UCE4rsXcgDb6e1-a9iTbWzfg,Quorum,News & Politics,1755,1,True,participacion_observada
UzeOcBM9cuU,Conred Podcast Episodio 04: Amenaza sísmica y volcánica en Guatemala,UC6SA1dVHvAkc6yNS_t5cbGw,Conred,Education,127,0,False,sin_comentarios_recolectados
VfBrLONPnFM,ME quité el MIEDO de viajar en los buses de GUATEMALA 🔥,UCDfEVbDrimcKw5lfbps915g,De todo Gt,People & Blogs,329489,0,False,sin_comentarios_recolectados
VgcpKa1h_2Q,CONQUISTA LA CIUDAD / 21K BAM de la Municipalidad de Guatemala,UC_nkMVSKgO9PeEaZ3LbPodg,21KMuniGuate,Sports,3110,0,False,sin_comentarios_recolectados
VuIl4tjeKGQ,La ciudad sigue modernizándose para ti y tu familia.,UCXa6LVjBzUtmcM3cwbd9e2w,Municipalidad de Guatemala,News & Politics,39168,0,False,sin_comentarios_recolectados
W415t12o3DA,Mujer con crisis nerviosa tras intento de asalto,UCt5Dw7ePnn0AqPqRF8Xpjkw,TN23 Guatemala,News & Politics,4737,0,False,sin_comentarios_recolectados
WIUZtitfLRw,Caminar en una ciudad hecha para carros,UCE4rsXcgDb6e1-a9iTbWzfg,Quorum,News & Politics,422,6,True,participacion_observada
WQcgx8rs0Qo,"PMT SE BURL4 DE UN MOTORISTA D1SC4PACIT4D0, DISCULPESE POR FAVOR VILLA NUEVA, GUATEMALA.",UCH1AYkCs1GpNK_xUwFYTsaQ,Cronos Time GT,Education,1861,0,False,sin_comentarios_recolectados
WXA2Apo79jA,Resumen de atención a Emergencias CIV,UCAutgrPkiLhZxTB-Ujje1fw,CIV -Ministerio de Comunicaciones,News & Politics,29,0,False,sin_comentarios_recolectados
WXgGL9rZUHo,#EnvivoDCA | Conferencia de prensa del Gobierno de Guatemala,UCaivrAhro2BpsJdrPe-IyRg,Diario de Centro América,News & Politics,190,0,False,sin_comentarios_recolectados
XLkVzqqL34Q,Nueva Mega Autopista Xochi en Guatemala 🇬🇹 ¿Vale la pena? (Te ahorra hasta 3 horas),UCkXkEfAaEGxUaIT6TBBkwMw,One Life,Entertainment,44510,0,False,sin_comentarios_recolectados
XVZM15KVXjM,Conoce sobre la actualización de la Norma para la Reducción de Desastres número 2 (NRD2).,UC6SA1dVHvAkc6yNS_t5cbGw,Conred,Education,267,0,False,sin_comentarios_recolectados
X_FAIef8qlE,Cruzando la ciudad a puro Transmetro,UCE4rsXcgDb6e1-a9iTbWzfg,Quorum,News & Politics,1140,1,True,participacion_observada
XktDG8dmcd0,Torrenciales lluvias dejan decenas de muertos y miles de evacuados,UCT4Jg8h03dD0iN3Pb5L0PMA,DW Español,News & Politics,5171,0,False,sin_comentarios_recolectados
YJohmVLc9QA,How to Get Around Guatemala: Complete Transportation Guide (2026),UCCM52vmXEcGzRlYyjP47PPg,Chris & Grace,Travel & Events,3897,0,False,sin_comentarios_recolectados
YLFXK2c60Xc,Por estas razones el 65% de las denuncias por violación en Guatemala nunca llega a un tribunal,UCE4rsXcgDb6e1-a9iTbWzfg,Quorum,News & Politics,200,0,False,sin_comentarios_recolectados
YSsECnqTVik,Suscriben convenios para transferencia de fondos a CAIMUS y entidades especializadas,UC8u2nvyHewt-mjdWSj0HJmQ,Ministerio de Gobernación,News & Politics,15,0,False,sin_comentarios_recolectados
ZHJoIah2Owo,Conoce como funciona el Sistema Conred  #laprevenciónestareadetodos,UC6SA1dVHvAkc6yNS_t5cbGw,Conred,Education,182,0,False,sin_comentarios_recolectados
ZNwStkzWgso,Elección judicial en Guatemala: Astrid Lemus y Luis Bermejo electos para corte de constitucionalidad,UC_lEiu6917IJz03TnntWUaQ,CNN en Español,News & Politics,24636,0,False,sin_comentarios_recolectados
ZPBiWdHXg20,Piloto de tráiler accidentado en ruta al Atlántico era un menor y murió en el lugar,UCEepOY2svuxbsJ-zsAPT9Fg,PrensaLibreOficial,News & Politics,233632,0,False,sin_comentarios_recolectados
ZS74P3DnykA,"Policía Nacional Civil gradúa 3,978 nuevos agentes",UCHsYnV67K3J0yJ4QeciVCww,PNCdeGuatemala,News & Politics,115270,0,False,sin_comentarios_recolectados
Z_pWnOi7oRw,#EnVivoDCA | Conferencia de prensa del Gobierno de Guatemala,UCaivrAhro2BpsJdrPe-IyRg,Diario de Centro América,News & Politics,1329,0,False,sin_comentarios_recolectados
ZhrDgVZkhg4,FORMACION BRIGADA DE PROVIAL,UCnbd_gs8-e1CQ6izIYtnSig,PROVIAL GUATEMALA,People & Blogs,4419,0,False,sin_comentarios_recolectados
_1VIxOLyaUQ,Sonido de trafico y ciudad 💤 ruido de calle para dormir bebés y relajarse,UCKZ0c9xQAIokTOf4iPJd5jw,Ambient Sound Explorer,Entertainment,330057,0,False,sin_comentarios_recolectados
_3kK0or6QI0,PROVIAL guatemala,UCdd624oESXuVlcGtrzMWEBQ,heto009,News & Politics,2054,0,False,sin_comentarios_recolectados
_Lcbi4NCHRA,Tercer Informe General de la República,UCh4GjKBcqxOsL_Bt8gCCSLg,Gobierno de Guatemala,News & Politics,305269,0,False,sin_comentarios_recolectados
_NSq2q0mzCY,42K y 21K MuniGuate 🏃🏻🏃🏻‍♀️,UCXa6LVjBzUtmcM3cwbd9e2w,Municipalidad de Guatemala,News & Politics,47,0,False,sin_comentarios_recolectados
_cUZT7LMKE0,Conferencia de Prensa del Gobierno de Guatemala. #LaRondaGt,UC-ZtFBHzgkYFh7whZkuR_Ag,Gobierno de la República de Guatemala,Entertainment,2708,0,False,sin_comentarios_recolectados
a2zgl-1KZwY,#CadenaNacional | Mensaje del Presidente Bernardo Arévalo a la nación,UC-ZtFBHzgkYFh7whZkuR_Ag,Gobierno de la República de Guatemala,Entertainment,2334,0,False,sin_comentarios_recolectados
a3QGSpNx9Mg,Guatemala ya no aguanta el tráfico… ¿Funcionará el Aerómetro?,UCHBzKtCUFwHuKFGD3bEHexQ,Entre Caminos,Travel & Events,8098,0,False,sin_comentarios_recolectados
a6QFfhpY53g,Provial Informa,UCuKuUrmHoNaJJHE27Aac9PQ,PROVIAL-CIV,People & Blogs,49,0,False,sin_comentarios_recolectados
aRKgOSxgsF0,@GobiernodeGuatemala,UCX2epzWFbtqhO1Tn2au9NXQ,luis arturo ceberg ulban,People & Blogs,2,0,False,sin_comentarios_recolectados
aSbvMYJhmCc,Policía Nacional Civil,UC8u2nvyHewt-mjdWSj0HJmQ,Ministerio de Gobernación,News & Politics,4346,0,False,sin_comentarios_recolectados
a_kAe9IhBbo,Tráiler impacta pasarela en Aguilar Batres y provoca cierre parcial hacia la capital,UCEepOY2svuxbsJ-zsAPT9Fg,PrensaLibreOficial,News & Politics,255,0,False,sin_comentarios_recolectados
ahicr7fQREY,Conred Podcast Episodio 9: Servidores Cívicos construyendo una cultura de prevención,UC6SA1dVHvAkc6yNS_t5cbGw,Conred,Education,65,0,False,sin_comentarios_recolectados
almmnboHkwM,Se mueve Guate 🚌,UCXa6LVjBzUtmcM3cwbd9e2w,Municipalidad de Guatemala,News & Politics,297,0,False,sin_comentarios_recolectados
anFbrgqxdzY,Horas Antes del Big One | Dentro de Ciudad de Guatemala Exactamente Antes del Terremoto (1976),UC6Y7Hk0Otm2xeX1WoHOQp6Q,Nostalgia Latina,People & Blogs,222656,0,False,sin_comentarios_recolectados
aoz2j4TTl4E,Rutas Alternas a partir del lunes 03 de agosto por avances de #AeroMetroGT,UCXa6LVjBzUtmcM3cwbd9e2w,Municipalidad de Guatemala,News & Politics,8905,0,False,sin_comentarios_recolectados
bBz8nX4pMxc,Conred e Insivumeh informan sobre sismos en Guatemala este 31 de julio,UCDaIW3kDab95q7iCSeVAnbQ,Guatevisión,Entertainment,1115,0,False,sin_comentarios_recolectados
bMoENbSBSNs,¿Por qué Guatemala es una República? El decreto del 21 de marzo de 1847 y Rafael Carrera,UCdHETJl6cR5dye5XxEyqycQ,El profe de Historia Gt,Education,1134,0,False,sin_comentarios_recolectados
b_Hkrkl3adA,Bloqueos en Guatemala este 31 de agosto por alza en combustibles afectan rutas principales,UCEepOY2svuxbsJ-zsAPT9Fg,PrensaLibreOficial,News & Politics,5469,7,True,participacion_observada
bg1KCMaIrRM,"¡Atención, vecinos!",UCXa6LVjBzUtmcM3cwbd9e2w,Municipalidad de Guatemala,News & Politics,1965,0,False,sin_comentarios_recolectados
bzosgvntOXU,Municipalidad de Guatemala 05/09/2025,UCW_PHqwqCCalvQGOEsVU0jw,Concejales de Oposición - Muni Guate,People & Blogs,160,0,False,sin_comentarios_recolectados
cl3Rpw9MstQ,Municipalidad de Guatemala sigue trabajando,UCXa6LVjBzUtmcM3cwbd9e2w,Municipalidad de Guatemala,News & Politics,484,0,False,sin_comentarios_recolectados
cpoiRUtF9uU,Congreso termina jornada sin acuerdos para aliviar precio de combustibles #ALAS7AM (02/09/2026),UC-GLagjBhWAZ3IOWFgzqIAw,Canal Antigua,News & Politics,117,0,False,sin_comentarios_recolectados
csqia7f3OIE,SISTEMA CONRED Y METODOLOGÍA DE LOS 6 PASOS,UCzQX0cEQzCZ4ff9-P3gELug,Carlitos Gamboa,People & Blogs,509,0,False,sin_comentarios_recolectados
d-V_Aw1t6nI,Graduacion  de la 57 Promocion  de la Policia Nacional Civil  de Guatemala.,UCHsYnV67K3J0yJ4QeciVCww,PNCdeGuatemala,People & Blogs,1643,0,False,sin_comentarios_recolectados
dJcNu9YYwh4,"Lluvias, ceniza y calor extremo: así estará el clima en Guatemala, según Insivumeh",UCEepOY2svuxbsJ-zsAPT9Fg,PrensaLibreOficial,News & Politics,1061,0,False,sin_comentarios_recolectados
dLctzx8qCgA,¿Cómo la CIA ALTERÓ el DESTINO de GUATEMALA para siempre?,UCYaMaLJVbMlLwpPACbxPUuQ,Alan Delmonte,Education,108616,0,False,sin_comentarios_recolectados
dWhSTyhegeQ,Personal de Provial explica de empresas que verificarán implementación de limitadores de velocidad,UCrAoF9-9Vvb9_zK0t-m2Rhg,La Hora,News & Politics,341,0,False,sin_comentarios_recolectados
dccwBXfxxiI,¡Espacios iluminados y seguros!,UCXa6LVjBzUtmcM3cwbd9e2w,Municipalidad de Guatemala,News & Politics,38773,0,False,sin_comentarios_recolectados
dsyLiSCrwcU,"3 KIEBRES ES DOLOROSO QUE EN CHIQUIMULA AÚN HAY COMUNIDADES SIN ENERGÍA ELÉCTRICA, GUATEMALA.",UCH1AYkCs1GpNK_xUwFYTsaQ,Cronos Time GT,Education,701,0,False,sin_comentarios_recolectados
dvy9rQpqLWY,Conferencia de Prensa del Gobierno de Guatemala. #LaRondaGT,UC-ZtFBHzgkYFh7whZkuR_Ag,Gobierno de la República de Guatemala,Entertainment,959,0,False,sin_comentarios_recolectados
dya9nbxqWXE,ANDY EL MUÑEQUITO TRABAJADOR 🥴🏍🥴🤣@Soychap1n @lucilaylossinar @lilyvlogs6899,UCzwR2o8LFAgAMfO0KIcFh0A,CANALES ROBOS Y MENTIRAS 💰🧐,People & Blogs,4939,0,False,sin_comentarios_recolectados
ebbgBtNrRz8,Las fuertes lluvias en Guatemala dejan al menos tres fallecidos en zonas rurales | Telemundo,UCRwA1NUcUnwsly35ikGhp0A,Noticias Telemundo,News & Politics,63249,0,False,sin_comentarios_recolectados
ewdf3q1tuCA,INTERPOL Guatemala captura a mujer por prostituir a señoritas,UCVpSRoZgngfSL03Nlbjtq9A,Noti7,News & Politics,71048,0,False,sin_comentarios_recolectados
fBljA_npiMs,Refuerzan acciones para prevenir y combatir la trata de personas,UC8u2nvyHewt-mjdWSj0HJmQ,Ministerio de Gobernación,News & Politics,36,0,False,sin_comentarios_recolectados
fenMcON-DjY,Encendido del Fuego Patrio y Mensaje Vicepresidencial,UC-ZtFBHzgkYFh7whZkuR_Ag,Gobierno de la República de Guatemala,Entertainment,424,0,False,sin_comentarios_recolectados
ffguGnMImL0,CIV inicia trabajos de bacheo y limpieza en las diferentes rutas del país,UCh4GjKBcqxOsL_Bt8gCCSLg,Gobierno de Guatemala,News & Politics,848,0,False,sin_comentarios_recolectados
g0aCNpZaAZ8,PMT de Guatemala es ejemplo para otros municipios,UCXa6LVjBzUtmcM3cwbd9e2w,Municipalidad de Guatemala,News & Politics,4103,0,False,sin_comentarios_recolectados
gF42rhVhP8w,Tenemos un gran problema con la seguridad de las construcciones en Guatemala,UCGSQ821fpPy-yXL9mUmKbBg,TanGente Podcast,Entertainment,9033,0,False,sin_comentarios_recolectados
gbcggAMJczg,Dionel  Art s Vídeo danzando con la muerte,UCedKfsLot_SfwJrfW5OzpPg,Dionel.Art_music,People & Blogs,7,0,False,sin_comentarios_recolectados
go4jAhCJS0w,Así reaccionaría la guardia presidencial de la Saas en caso de una emergencia,UCEepOY2svuxbsJ-zsAPT9Fg,PrensaLibreOficial,News & Politics,7381,0,False,sin_comentarios_recolectados
hGOvuWe8P3Q,🔴ENTREGAN A NOROÑA ALITO NEGOCIA CON MONREAL PREPARAN MEGÁFONOS PORROS DEL PRIAN,UClivsn4u-h1uJkORB6PD9SQ,Vittor Blogs,News & Politics,6682,0,False,sin_comentarios_recolectados
hy0mwEHr6V0,MI3 será utilizado dentro de las evaluaciones a aspirantes a PNC,UC8u2nvyHewt-mjdWSj0HJmQ,Ministerio de Gobernación,News & Politics,127595,0,False,sin_comentarios_recolectados
iBX5DMQSf3s,Conmemoramos el 153 Aniversario de la Escuela Politécnica y Día del cadete.,UC-ZtFBHzgkYFh7whZkuR_Ag,Gobierno de la República de Guatemala,Entertainment,1264,0,False,sin_comentarios_recolectados
iCbGedZRRE8,Conferencia de Prensa del Gobierno de Guatemala. #LaRondaGT,UC-ZtFBHzgkYFh7whZkuR_Ag,Gobierno de la República de Guatemala,Entertainment,1058,0,False,sin_comentarios_recolectados
iEmScdnYQdg,La nueva ruta que evita El Trébol,UCmzHLdcizBNiyN5t2mEPp3A,Tráfico Sin Censura,People & Blogs,8502,0,False,sin_comentarios_recolectados
iWYddxEszoM,#EnVivoDCA | Conferencia de prensa del Gobierno de Guatemala,UCaivrAhro2BpsJdrPe-IyRg,Diario de Centro América,News & Politics,264,0,False,sin_comentarios_recolectados
iacCQ4VyWWc,"Los conservadores y los liberales, Historia de Guatemala",UC-rcR68a-aLwAnszxTG4--A,Panda 01,People & Blogs,25431,0,False,sin_comentarios_recolectados
ifJFNGT4azU,Podcast Guatemala Ahora Yo Se: Medidas De Seguridad Con el Lic. Ariel Yos y el Lic. Gabriel Quiñones,UC1B5-Dun1FHWae_rIJdfhow,Ahora Yose,People & Blogs,3631,0,False,sin_comentarios_recolectados
is3Mk5oC19g,Capturan a ladrón que había quedado grabado mientras robaba en una parroquia de Retalhuleu,UCt5Dw7ePnn0AqPqRF8Xpjkw,TN23 Guatemala,News & Politics,4616,7,True,participacion_observada
j43HgwYFKfk,La cooptación de Walter Mazariegos en la USAC,UCE4rsXcgDb6e1-a9iTbWzfg,Quorum,News & Politics,10156,50,True,participacion_observada
j4akBH678fw,El paso a desnivel Calzada Roosevelt lleva más conexión y mejor movilidad para la población.,UC-ZtFBHzgkYFh7whZkuR_Ag,Gobierno de la República de Guatemala,Entertainment,649,0,False,sin_comentarios_recolectados
jQGvhMPMuAI,#DiálogoCentral | El clima de la semana: adiós a la canícula ¿llegan las lluvias? 🌦️,UC-GLagjBhWAZ3IOWFgzqIAw,Canal Antigua,News & Politics,214,0,False,sin_comentarios_recolectados
jSw-nFh94qQ,Gobernación promueve espacios de sana convivencia,UC8u2nvyHewt-mjdWSj0HJmQ,Ministerio de Gobernación,News & Politics,59,0,False,sin_comentarios_recolectados
kaZgtwqwLrI,@rumzacapait @GobiernodeGuatemala,UCgRLnesCOuua3-JgFlzdS2w,TRAYECTORIA Y EXITO CON ANABELLA CORDON,People & Blogs,74,0,False,sin_comentarios_recolectados
kjwvEESqSHA,¿VALE la PENA VIAJAR de GUATEMALA a  XELA en BUS?  Descúbrelo,UCDfEVbDrimcKw5lfbps915g,De todo Gt,People & Blogs,216172,0,False,sin_comentarios_recolectados
l-mH80ygqFY,Avances en proyectos municipales por el desarrollo y bienestar en la ciudad.,UCXa6LVjBzUtmcM3cwbd9e2w,Municipalidad de Guatemala,News & Politics,256,0,False,sin_comentarios_recolectados
lAsODhYGcTE,Gobierno busca a toda costa sacar a Consuelo Porras,UCzPhFkpD8lwvlX8nGpJqdUw,Noticias VR,People & Blogs,3,0,False,sin_comentarios_recolectados
lNuxq8OKCpc,Lluvias convierten calles en ríos en Villa Nueva y San Miguel Petapa,UCEepOY2svuxbsJ-zsAPT9Fg,PrensaLibreOficial,News & Politics,7663,0,False,sin_comentarios_recolectados
lYyGqHAL5nM,Comuna lanzó nueva imagen de la PM y PMT,UCXa6LVjBzUtmcM3cwbd9e2w,Municipalidad de Guatemala,People & Blogs,286,0,False,sin_comentarios_recolectados
lj983NWyAQY,Plan 2032 Ciudad de Guatemala,UCXa6LVjBzUtmcM3cwbd9e2w,Municipalidad de Guatemala,News & Politics,304089,25,True,participacion_observada
lkdwGwrJKeM,🇬🇹 ¿Es seguro VIAJAR a Guatemala? Consejos prácticos para que todo te salga bien,UCeMAsS36ZiA56ZNtS8VSuOg,Un Angel Viajando,Travel & Events,5298,0,False,sin_comentarios_recolectados
mCoOL2p0il4,Municipalidad de Guatemala   08/08/2025,UCW_PHqwqCCalvQGOEsVU0jw,Concejales de Oposición - Muni Guate,People & Blogs,118,0,False,sin_comentarios_recolectados
mPtR2HskBTE,Municipalidad de Guatemala   17/02/2025,UCW_PHqwqCCalvQGOEsVU0jw,Concejales de Oposición - Muni Guate,People & Blogs,729,0,False,sin_comentarios_recolectados
mQH6bhmp_LY,Quorum: ¿Cómo investigamos la crisis del agua?,UCE4rsXcgDb6e1-a9iTbWzfg,Quorum,News & Politics,142,0,False,sin_comentarios_recolectados
n31eyGuRKqo,El tráfico en Guatemala nos está enfermando - TanGente Salud Mental,UCGSQ821fpPy-yXL9mUmKbBg,TanGente Podcast,People & Blogs,932,0,False,sin_comentarios_recolectados
n4xHxJPNr78,🚫LOS FAMOSOS BUSES ESMERALDA los mas RÁPIDOS DE GUATEMALA 😱,UCDfEVbDrimcKw5lfbps915g,De todo Gt,People & Blogs,3152619,0,False,sin_comentarios_recolectados
n8iP75gIpmw,Qué rico come tu diputado,UCE4rsXcgDb6e1-a9iTbWzfg,Quorum,News & Politics,11775,161,True,participacion_observada
nKJhNH86HGE,Se realiza taller de UNICEF sobre el plan de acción de la política pública contra la violencia sexua,UC8u2nvyHewt-mjdWSj0HJmQ,Ministerio de Gobernación,News & Politics,7,0,False,sin_comentarios_recolectados
nPbC8-Ebat4,Pareja de sicarios capturada tras ataque armado contra piloto de autobús,UCHsYnV67K3J0yJ4QeciVCww,PNCdeGuatemala,Science & Technology,70537,0,False,sin_comentarios_recolectados
ncOU7iZR5jY,Carlos Pineda y Andre Pozuelos | Seguridad II- Guatemala tiene solución | Ep. 3,UCInL6HZez6Qn8IHV8Achhxw,Carlos Pineda,People & Blogs,3279,0,False,sin_comentarios_recolectados
ndAZjHqzzT8,Internet: escoger el menos malo,UCE4rsXcgDb6e1-a9iTbWzfg,Quorum,News & Politics,717,12,True,participacion_observada
nhhXiHI4rrw,Policía Nacional Civil participa en desfile del día del Ejército. #ProtegerYServir,UCHsYnV67K3J0yJ4QeciVCww,PNCdeGuatemala,News & Politics,21534,0,False,sin_comentarios_recolectados
nv6wMdQ997Q,PMT en todo,UCXa6LVjBzUtmcM3cwbd9e2w,Municipalidad de Guatemala,News & Politics,2107,0,False,sin_comentarios_recolectados
pNInRBsPbHE,Encuentro por el agua,UCE4rsXcgDb6e1-a9iTbWzfg,Quorum,News & Politics,185,0,False,sin_comentarios_recolectados
qFsSnnRdJBg,Avanza construcción de la Estrategia Nacional de Datos Abiertos,UC8u2nvyHewt-mjdWSj0HJmQ,Ministerio de Gobernación,News & Politics,11,0,False,sin_comentarios_recolectados
qrdEegnTnaY,XVII Promoción de Brigadas PROVIAL,UCuKuUrmHoNaJJHE27Aac9PQ,PROVIAL-CIV,People & Blogs,416,0,False,sin_comentarios_recolectados
rNpBtQXUMbE,PMT es ejemplo en Guatemala,UCXa6LVjBzUtmcM3cwbd9e2w,Municipalidad de Guatemala,News & Politics,3212,0,False,sin_comentarios_recolectados
rQEb4el3Lok,"Policía Nacional Civil en busca de mareros, imitadores y colaboradores de grupos delictivos",UCHsYnV67K3J0yJ4QeciVCww,PNCdeGuatemala,News & Politics,9637,0,False,sin_comentarios_recolectados
rSQKmOX1Tfc,TU VIDA VALE  PROVIAL  TIEMPO AZUL & PAOLA PÉRLOP,UCquHy3UnphbYGF62_j6W_yQ,Mosca Visión,Music,5262,0,False,sin_comentarios_recolectados
rjFut_yJcr8,Ministro de CIV conversó sobre los retos  actuales de la infraestructura vial en Guatemala,UC-GLagjBhWAZ3IOWFgzqIAw,Canal Antigua,News & Politics,800,0,False,sin_comentarios_recolectados
s0eco-BofOs,¿Quiénes pagan más en Centroamérica?,UCE4rsXcgDb6e1-a9iTbWzfg,Quorum,News & Politics,220,1,True,participacion_observada
sAPrXzrdstM,Funciones del Ministerio de Gobernación,UC8u2nvyHewt-mjdWSj0HJmQ,Ministerio de Gobernación,News & Politics,8970,0,False,sin_comentarios_recolectados
soZMwC0Cj18,Lluvias causan inundaciones y deslizamiento en Alta Verapaz,UCEepOY2svuxbsJ-zsAPT9Fg,PrensaLibreOficial,News & Politics,1405,0,False,sin_comentarios_recolectados
tEfZlrP4L5I,#EnVivoDCA | Conferencia de Prensa del Gobierno de Guatemala,UCaivrAhro2BpsJdrPe-IyRg,Diario de Centro América,News & Politics,265,0,False,sin_comentarios_recolectados
tK__qZZ-H5w,Conferencia de Prensa del Gobierno de Guatemala. #LaRondaGT,UC-ZtFBHzgkYFh7whZkuR_Ag,Gobierno de la República de Guatemala,Entertainment,866,0,False,sin_comentarios_recolectados
tXLhWHWGaao,Breve historia política de Guatemala,UCo1g4EQqLwMO9RqEv1rCUpQ,Crónica Panamericana,People & Blogs,144134,0,False,sin_comentarios_recolectados
tb6LaOWGAIo,"Guía Definitiva para viajar a Guatemala 2026 🇬🇹 Qué ver, itinerarios, precios y consejos",UC70eD0hNEwDNAfNlqfRWlGA,Welcome to el Mundo,Travel & Events,104869,0,False,sin_comentarios_recolectados
tcAQGuuo_Uc,El Ministerio de Gobernación Guatemala  brinda conferencia de prensa.,UC-ZtFBHzgkYFh7whZkuR_Ag,Gobierno de la República de Guatemala,Entertainment,2254,0,False,sin_comentarios_recolectados
tg2QuZFdn4c,🔴 En Vivo |  Sesión Solemne de Consejo de Gobierno en Limón,UCLXHie0velori7_dqu8w_bQ,Presidencia de la República,News & Politics,15726,0,False,sin_comentarios_recolectados
tmvTbeQNCTI,"Hoy SABRÁN Qué Grado ACADÉMICO Tenemos, Todos Son PROFESIONALES",UCTClcvXaWXGeZheUQFTQLRw,Gente de Guate,Entertainment,15482,0,False,sin_comentarios_recolectados
tqcZFVSXARQ,¿Listo para decir tengo #MiPrimeraCasa? 🏠✨,UC-ZtFBHzgkYFh7whZkuR_Ag,Gobierno de la República de Guatemala,Entertainment,1373,0,False,sin_comentarios_recolectados
vA6p51f14J4,Horarios especiales por celebraciones de fin de año,UCXa6LVjBzUtmcM3cwbd9e2w,Municipalidad de Guatemala,News & Politics,606,0,False,sin_comentarios_recolectados
vCtk_0NzB3s,Clima en Guatemala esta semana: calor de hasta 39 °C y lluvias con tormentas,UCEepOY2svuxbsJ-zsAPT9Fg,PrensaLibreOficial,News & Politics,1534,0,False,sin_comentarios_recolectados
vDVXM8ODuzM,#EnVivoDCA | Conferencia de Prensa del Gobierno de Guatemala,UCaivrAhro2BpsJdrPe-IyRg,Diario de Centro América,News & Politics,214,0,False,sin_comentarios_recolectados
vNUiF-stTdo,resumen de noticias,UCYaCfDw7q5l_S1UHjdfzODQ,INFOM TV,News & Politics,23,0,False,sin_comentarios_recolectados
vp9MPfDG6AE,"Comunicado – COVIAL / Ministerio de Comunicaciones, Infraestructura y Vivienda",UCVpSRoZgngfSL03Nlbjtq9A,Noti7,News & Politics,260,0,False,sin_comentarios_recolectados
vqcF9RFMOLQ,"Ciudad de Guatemala, el mejor lugar para vivir",UCXa6LVjBzUtmcM3cwbd9e2w,Municipalidad de Guatemala,News & Politics,215,0,False,sin_comentarios_recolectados
w57G_5jsqtU,Tráfico intenso por regreso a clases del sector público extiende horas pico en el área metropolitana,UCEepOY2svuxbsJ-zsAPT9Fg,PrensaLibreOficial,News & Politics,625,0,False,sin_comentarios_recolectados
wS6yC3yOAeA,Noticiero El Informativo. Nuestra semana de resultados.,UC-ZtFBHzgkYFh7whZkuR_Ag,Gobierno de la República de Guatemala,Entertainment,1383,0,False,sin_comentarios_recolectados
wVncmfsugww,"Spot Rendición de Cuentas, tercer cuatrimestre 2023 - 1",UCAutgrPkiLhZxTB-Ujje1fw,CIV -Ministerio de Comunicaciones,People & Blogs,15,0,False,sin_comentarios_recolectados
wYZPaJdVuhE,#LaCharla ¿Quién dirigirá el sistema portuario y qué decisiones debe tomar primero?,UCDaIW3kDab95q7iCSeVAnbQ,Guatevisión,News & Politics,202,0,False,sin_comentarios_recolectados
wm1f52Mvzag,Gloria Álvarez: ¿Podría ser la próxima presidenta de Guatemala?,UCN5tcDI7z6vN9s3p3n_JtoQ,Jorge Ramos,News & Politics,31357,0,False,sin_comentarios_recolectados
wpYwX-bGoz0,CIV prioriza proyectos con potencial para generar desarrollo en Guatemala,UCAutgrPkiLhZxTB-Ujje1fw,CIV -Ministerio de Comunicaciones,People & Blogs,468,0,False,sin_comentarios_recolectados
x9TPnjUeuoo,VIDEO INSTITUCIONAL PROVIAL,UCAutgrPkiLhZxTB-Ujje1fw,CIV -Ministerio de Comunicaciones,People & Blogs,2250,0,False,sin_comentarios_recolectados
xEcC_aMDhAk,MINGOB y COPADEH avanzan en la protección de personas defensoras de DDHH,UC8u2nvyHewt-mjdWSj0HJmQ,Ministerio de Gobernación,News & Politics,17,0,False,sin_comentarios_recolectados
xQgP0n8hVSI,"Primero te usan, y cuando ya no les sirves te desechan.",UC8u2nvyHewt-mjdWSj0HJmQ,Ministerio de Gobernación,News & Politics,28,0,False,sin_comentarios_recolectados
x_CB0ZRLQTA,Ricardo Quiñónez paga con nuestros impuestos netcenter,UCaFyLdpZa60tkGfjOsznHSg,AlcaldexAccidente,People & Blogs,29419,0,False,sin_comentarios_recolectados
y8XMbMxMF8E,"Gracias a la inteligencia, coordinación y firmeza, se dió un duro golpe al crimen organizado",UC8u2nvyHewt-mjdWSj0HJmQ,Ministerio de Gobernación,News & Politics,84,0,False,sin_comentarios_recolectados
yCmBtmOm6nw,“¿DÓNDE ESTÁN?”: GOBIERNO IMPULSA MECANISMO PARA BUSCAR A DESAPARECIDOS DEL CONFLICTO ARMADO,UCgItjn_ZWFWcv1MlpKIkqgQ,IDocumenta,News & Politics,6,0,False,sin_comentarios_recolectados
yLZS3JiEBg8,Arroz con pollo a la MONOPOLIO,UCE4rsXcgDb6e1-a9iTbWzfg,Quorum,News & Politics,1954,16,True,participacion_observada
zfJlUXRSaCU,Brief Political History of Guatemala,UCo1g4EQqLwMO9RqEv1rCUpQ,Crónica Panamericana,People & Blogs,53547,0,False,sin_comentarios_recolectados
zweosulrwA8,Edén por Salud: empleo inclusivo para personas con discapacidad en Antigua | Super - Episodio 2,UCE4rsXcgDb6e1-a9iTbWzfg,Quorum,Nonprofits & Activism,52,1,True,participacion_observada
zyA0BpEYcQU,Discusión entre conductor y jefe de la PMT,UC_Lj2naQPP8vmyDu-AEOo-w,Nuestro Mundo,People & Blogs,55349,0,False,sin_comentarios_recolectados
