network,node_id,node_type,degree,percentile_10_threshold,is_peripheral,is_isolated,is_outside_lcc
bipartite,author:UC-HeUTT6_g-VoiWds2a4H-w,author,1,1.0,True,False,False
bipartite,author:UC-Iul5tDYH_oiAMXQH-KaaQ,author,1,1.0,True,False,False
bipartite,author:UC-QOpE7GOxlXcHZ8b7HbQKA,author,1,1.0,True,False,True
bipartite,author:UC-fiZBS5Gp1eCJd9ucgWnCg,author,1,1.0,True,False,False
bipartite,author:UC-hfX8J5JPJ-dfuakzegMLA,author,1,1.0,True,False,False
bipartite,author:UC-jS_kA9w-OmpupXDx156Rg,author,1,1.0,True,False,False
bipartite,author:UC-pNP6RMFuLg_-x7Ah_0kEA,author,1,1.0,True,False,False
bipartite,author:UC094EFEmMSdwVa8NQjjYBXg,author,1,1.0,True,False,False
bipartite,author:UC0HvfEWozTHbwl_iEmJNvVA,author,1,1.0,True,False,False
bipartite,author:UC0RpuMwkDKJYqgKHtsJRuWQ,author,1,1.0,True,False,True
bipartite,author:UC0aEyakBPqcBkVJiErfSupQ,author,1,1.0,True,False,True
bipartite,author:UC14qlobYKqD-DO0j6b75lcA,author,1,1.0,True,False,False
bipartite,author:UC1DpqK6vaPEkBOMNvypsKYg,author,1,1.0,True,False,False
bipartite,author:UC1NiEdJ7gk6FlDexIalWnGg,author,1,1.0,True,False,False
bipartite,author:UC1WlJfQmaIskYhP4gmWoamw,author,1,1.0,True,False,True
bipartite,author:UC1Y7x3h0c95Z8kUhi-Tzaeg,author,1,1.0,True,False,False
bipartite,author:UC1vr9aaMI2crB0NvwFHUeoQ,author,1,1.0,True,False,False
bipartite,author:UC2Y_EHWQKevubk4vOEBBFxw,author,1,1.0,True,False,False
bipartite,author:UC2ngpd8UBQu4gcUYy0goAtg,author,1,1.0,True,False,False
bipartite,author:UC2weSE8rpqkGMOp6StYtVfg,author,1,1.0,True,False,False
bipartite,author:UC32oozucwCF3q8d4m8fyOUg,author,1,1.0,True,False,False
bipartite,author:UC3E9mAgP7VoAE5mZoAexl5g,author,1,1.0,True,False,False
bipartite,author:UC3MYTqpQqlWBuCB7Th0e0PA,author,1,1.0,True,False,False
bipartite,author:UC3NMzdMYryaw82kPTnsaljg,author,1,1.0,True,False,False
bipartite,author:UC3UVO7pTbeYvZ3ILEyRDskQ,author,1,1.0,True,False,False
bipartite,author:UC3XTwHxygNCgjndsg-UiCQA,author,1,1.0,True,False,False
bipartite,author:UC3YpzAr7pcdKC7BVFEpYzog,author,1,1.0,True,False,False
bipartite,author:UC3iIU62XKUOWuqL8BqBzj9A,author,1,1.0,True,False,False
bipartite,author:UC3qn1yJA5PeW9rkGPatQxiw,author,1,1.0,True,False,False
bipartite,author:UC4Avya4kmR4Q0FrfFdBozSQ,author,1,1.0,True,False,False
bipartite,author:UC4cXueR2bKGFJV0Fk76gwmA,author,1,1.0,True,False,False
bipartite,author:UC4kg7zuTfqQKLd2bkZrSYBA,author,1,1.0,True,False,False
bipartite,author:UC4wq3DcbfaG6dtCqn8Oyu3w,author,1,1.0,True,False,False
bipartite,author:UC5H8ASmMC9WrURmzeB4ySog,author,1,1.0,True,False,False
bipartite,author:UC5PrBbmUlQolwqmiru7yZhw,author,1,1.0,True,False,False
bipartite,author:UC5PyGvSfFM--OVKmQ3COu6g,author,1,1.0,True,False,True
bipartite,author:UC5bG9nc_JV3FsNP2KseQiYw,author,1,1.0,True,False,False
bipartite,author:UC5fvhAfm89JH8eDFdvc0xYw,author,1,1.0,True,False,True
bipartite,author:UC5hvEnRUzI4Kfvwnyi4QxqQ,author,1,1.0,True,False,False
bipartite,author:UC5wuDq3U3vRAhOQI3D7gNdw,author,1,1.0,True,False,False
bipartite,author:UC63tFvbQ_hJhGDi2nbjssjw,author,1,1.0,True,False,False
bipartite,author:UC650pRT-OYzny3GwOH8Cgfw,author,1,1.0,True,False,False
bipartite,author:UC6PvO1_k5lHKGdAPo5_C6TA,author,1,1.0,True,False,False
bipartite,author:UC6Uj1FT5JjDSF8vudvDxPAA,author,1,1.0,True,False,False
bipartite,author:UC6YSZqL0vEcI-niPKIMUGfw,author,1,1.0,True,False,False
bipartite,author:UC6xI_MOaxajIWpoP8BH6E_Q,author,1,1.0,True,False,True
bipartite,author:UC72gBAtyb_VXQlYDcFrh6oQ,author,1,1.0,True,False,False
bipartite,author:UC7IMsCxfZyWN7YQo8-JYa6Q,author,1,1.0,True,False,False
bipartite,author:UC7VUuJr9cGh845CmTvf7TlQ,author,1,1.0,True,False,False
bipartite,author:UC7dadZG7kkGYnsNu6td0FbA,author,1,1.0,True,False,False
bipartite,author:UC816IGbFCZinfYS1LRDaaHg,author,1,1.0,True,False,False
bipartite,author:UC8F2V63KZ4ZEay6opX2hAQw,author,1,1.0,True,False,False
bipartite,author:UC8G5cJONY8L9voMyBW8Eoug,author,1,1.0,True,False,False
bipartite,author:UC8r11yOugM2NuRfitQOxLLg,author,1,1.0,True,False,False
bipartite,author:UC8xlJWNHz1V_W6q3fbuQH8g,author,1,1.0,True,False,False
bipartite,author:UC95PSMouTx2N5CbSq0hIyrQ,author,1,1.0,True,False,False
bipartite,author:UC9Wp6vL5oCU37qC3Aj94WZA,author,1,1.0,True,False,False
bipartite,author:UC9vMq1YF-e7C-VO0SHkbUTA,author,1,1.0,True,False,False
bipartite,author:UC9xr9QvIcDvoZNUX5f-jaZw,author,1,1.0,True,False,False
bipartite,author:UCA93ym2TXs_Ibyxb4Vcn-6Q,author,1,1.0,True,False,False
bipartite,author:UCAKuKvcbfnBD3kF5njNu-IA,author,1,1.0,True,False,False
bipartite,author:UCAV7QIjYhbDJaycQycM_0eQ,author,1,1.0,True,False,False
bipartite,author:UCAlzM_N6xBlMYmM8EBzX86Q,author,1,1.0,True,False,False
bipartite,author:UCAmtbUiIrUIhikru0ZoTFig,author,1,1.0,True,False,False
bipartite,author:UCAxvOOHQk7dYPOajzFEVtbA,author,1,1.0,True,False,False
bipartite,author:UCB5p8a5gklc80jJItP6xTHg,author,1,1.0,True,False,False
bipartite,author:UCBlm80VQ4YoV3bUJR_XhkaQ,author,1,1.0,True,False,True
bipartite,author:UCBtB5dIyx-C16UN8ClUD2UA,author,1,1.0,True,False,False
bipartite,author:UCCBYcToQ2dwkd6TJh0FSyDg,author,1,1.0,True,False,False
bipartite,author:UCCUmP4PlbwgikVFpYwbtRTg,author,1,1.0,True,False,False
bipartite,author:UCCaYwkkbQGcvFoUmothVdQQ,author,1,1.0,True,False,False
bipartite,author:UCDIMztpVm7G27qBuiWuT6oQ,author,1,1.0,True,False,False
bipartite,author:UCDPWkUX3sNNaCx-m1dV4glA,author,1,1.0,True,False,False
bipartite,author:UCDQaQv0hr2SS_PO-CMEwVHg,author,1,1.0,True,False,False
bipartite,author:UCDUffaruH6dyUnUGwsTKpgg,author,1,1.0,True,False,False
bipartite,author:UCDftMWXQoJ6nONfY7GVOVjg,author,1,1.0,True,False,False
bipartite,author:UCDlr1VadSucIZgZ171pRBjQ,author,1,1.0,True,False,False
bipartite,author:UCDrmf9y9nLgFY5wnA2hTuGA,author,1,1.0,True,False,False
bipartite,author:UCEHXl4VvvVpq-_4xC5tsbhg,author,1,1.0,True,False,False
bipartite,author:UCEgEQmRbtL5fwr9_DqAC--g,author,1,1.0,True,False,False
bipartite,author:UCErZPJpHmLCsXs8ZWkAUupQ,author,1,1.0,True,False,False
bipartite,author:UCFFrEmn6lPYiWyElpfzTy5Q,author,1,1.0,True,False,False
bipartite,author:UCFOxCyF926Y9eHhMeVoWLzw,author,1,1.0,True,False,True
bipartite,author:UCFUuDARXdmmIrLppEqf-rFg,author,1,1.0,True,False,False
bipartite,author:UCFhxtoeARHPnXXPcDrOU3Xg,author,1,1.0,True,False,False
bipartite,author:UCFjudnPLoaSL1BaRuLahyHg,author,1,1.0,True,False,False
bipartite,author:UCFoIAE8k82D6AV-8gjjKaNg,author,1,1.0,True,False,False
bipartite,author:UCFxE8GbokBrBsPEKM1xrOjQ,author,1,1.0,True,False,False
bipartite,author:UCFybmWapGvBKcQod7cPPH9w,author,1,1.0,True,False,False
bipartite,author:UCGGHbtfbbe0o68etrOf0qxw,author,1,1.0,True,False,False
bipartite,author:UCGX_UbAQOXGZknv5iqklwTA,author,1,1.0,True,False,False
bipartite,author:UCGZMgmM92E3njyXNe9-kjAQ,author,1,1.0,True,False,True
bipartite,author:UCGj2v6Gl5bN8NSrzJMXS-CA,author,1,1.0,True,False,False
bipartite,author:UCGm3gRBEHGRJYmtCryZLtDw,author,1,1.0,True,False,False
bipartite,author:UCGqKxQS-z3NZzZF-2w338AA,author,1,1.0,True,False,True
bipartite,author:UCGzXwyCzMzGmjmCbH3Hg01Q,author,1,1.0,True,False,False
bipartite,author:UCHGd14aYuZZShLD73dkk6mg,author,1,1.0,True,False,True
bipartite,author:UCHMQ_lDhibZ-XZ_3fo6oxwg,author,1,1.0,True,False,True
bipartite,author:UCHTGCgY2l-DQJIvlA_cpa_Q,author,2,1.0,False,False,False
bipartite,author:UCHbwIx9pmQuf7i-4_xO2EpA,author,1,1.0,True,False,False
bipartite,author:UCHhHUjaMAZ8SiXdCUCj9DkQ,author,1,1.0,True,False,False
bipartite,author:UCHu8x4MVkayU6VgwVKd--MQ,author,1,1.0,True,False,False
bipartite,author:UCIUhbSCy3-SGRe5UtqM4fzQ,author,1,1.0,True,False,True
bipartite,author:UCIXLDYqR_syskKRJy_x9W9Q,author,1,1.0,True,False,False
bipartite,author:UCIgoiXdIKJyUGmUoH2Lxdzg,author,1,1.0,True,False,True
bipartite,author:UCIp19h9igblA2YKfSLPDAug,author,1,1.0,True,False,True
bipartite,author:UCJp3OrVYcBorC94sKwdch_A,author,1,1.0,True,False,False
bipartite,author:UCJxJC56BSAX-ArD0NAb9qnQ,author,1,1.0,True,False,True
bipartite,author:UCKDR0f2fu2UzWL8mBv5-BHw,author,1,1.0,True,False,False
bipartite,author:UCKVzDUqbtdSMBcexaEtMmzQ,author,1,1.0,True,False,True
bipartite,author:UCL13XhnRzbGokEkCkEOb0-g,author,1,1.0,True,False,False
bipartite,author:UCL1MT278vSaQ83ZDkVWn1gw,author,1,1.0,True,False,False
bipartite,author:UCLFdHr9BEbXHkoJopbEPLZw,author,1,1.0,True,False,False
bipartite,author:UCLXYp1Cvc5DLtq5UQL5D9vw,author,1,1.0,True,False,False
bipartite,author:UCLggDc_a5HriXv7I1h02sOA,author,1,1.0,True,False,False
bipartite,author:UCLh1Kde4_vI1sTZBkTNP7RQ,author,1,1.0,True,False,False
bipartite,author:UCN2N_wYOw6fMwCeSzdXLPIw,author,1,1.0,True,False,False
bipartite,author:UCN6qbfPSzFtjhqUDZ3Cv3CQ,author,1,1.0,True,False,False
bipartite,author:UCNBnKqWf4d-rS4HwJRQljmQ,author,1,1.0,True,False,False
bipartite,author:UCNIeXbV_mEwpa412h1aqUWw,author,1,1.0,True,False,False
bipartite,author:UCNiMNUJvaRJb0_QLClqwVnA,author,1,1.0,True,False,True
bipartite,author:UCNkcuy42zEwddwEcOd_HpnA,author,1,1.0,True,False,False
bipartite,author:UCNpt5CQlTzNjlAKY6CJtClQ,author,1,1.0,True,False,False
bipartite,author:UCO0zwwLWGyDgQmWPJ5Qrr1w,author,1,1.0,True,False,False
bipartite,author:UCOARn3hnfkB7-_Rwa8Hoqcw,author,1,1.0,True,False,False
bipartite,author:UCOLGv5Pf6BF2wFcwUzgcvHg,author,1,1.0,True,False,False
bipartite,author:UCOLHH4ZpMxPYF-Q6e6wvn5A,author,1,1.0,True,False,True
bipartite,author:UCOS8ViEkccrTZx2w2ccxotA,author,1,1.0,True,False,False
bipartite,author:UCOY3XpD9qMCRSA8AA8c4CAw,author,1,1.0,True,False,False
bipartite,author:UCOcUI5XkTYNMSFhZNMIPpGg,author,1,1.0,True,False,False
bipartite,author:UCOh6DaZC_x9HASnlRylEMfw,author,1,1.0,True,False,False
bipartite,author:UCPLW0HE3siElqCgXfgWxMqg,author,1,1.0,True,False,True
bipartite,author:UCPNXmbOBVeC4HS-xemvcPtQ,author,1,1.0,True,False,True
bipartite,author:UCPZueDLrCS4BmTBRMA4q0fA,author,1,1.0,True,False,False
bipartite,author:UCQIdKuZ-OzuFqy0KjGrgesg,author,1,1.0,True,False,True
bipartite,author:UCQM2tCKRRytVDRxNUfCDqQQ,author,1,1.0,True,False,True
bipartite,author:UCQMMuADgqWUOcJpLwHOzC-g,author,1,1.0,True,False,True
bipartite,author:UCQ_-LPP8JAbfkc-b1Q6NvWw,author,1,1.0,True,False,False
bipartite,author:UCQgYjVngJRfPHDLGB5X6ZjA,author,1,1.0,True,False,False
bipartite,author:UCQqetiwzzmRNTM5OWuXarGQ,author,1,1.0,True,False,False
bipartite,author:UCQqlPPUGqAfWjd-FSh_qn7Q,author,1,1.0,True,False,False
bipartite,author:UCQtICyzWmhC5woCtbNgaSmg,author,1,1.0,True,False,False
bipartite,author:UCQtSFINs1h6GHkpg9o5kMvg,author,1,1.0,True,False,False
bipartite,author:UCQyOePccUP-fIJYzchAgZYw,author,1,1.0,True,False,False
bipartite,author:UCRAquv8el-tQ30bN7MlmySQ,author,1,1.0,True,False,False
bipartite,author:UCRETAiYdh2dL5ZxB0_N1zDA,author,1,1.0,True,False,False
bipartite,author:UCRcSR3Lvn9DZAmJpVPANfZQ,author,1,1.0,True,False,True
bipartite,author:UCRelkU8JiZBytTzebJxaa-w,author,1,1.0,True,False,False
bipartite,author:UCRfkkatKrNtAARnXMMYBGlA,author,1,1.0,True,False,False
bipartite,author:UCRlCV9zSn7avAWh-9_XFWqQ,author,1,1.0,True,False,False
bipartite,author:UCRvPToDkkumha7WJAfCDk1A,author,1,1.0,True,False,False
bipartite,author:UCRznz9-N3Qc1w-qNdLSIY2Q,author,1,1.0,True,False,True
bipartite,author:UCSTAUWVc1_82DHYeqOsqEFA,author,1,1.0,True,False,True
bipartite,author:UCSou6a2OuYGSvPjm5psquyA,author,1,1.0,True,False,False
bipartite,author:UCTD6q1nyIe3Y7HhqjaMj72w,author,1,1.0,True,False,False
bipartite,author:UCTP3O0rMnc8z8v8jaDQwL0w,author,1,1.0,True,False,False
bipartite,author:UCTTILH6QCIxbTnEWxwRqs1g,author,1,1.0,True,False,False
bipartite,author:UCThW2XNsAaBKme5PUt7n-Zg,author,1,1.0,True,False,False
bipartite,author:UCTwSut16JyAg3mX6LVUNGqA,author,1,1.0,True,False,False
bipartite,author:UCTylKrsqkrBKIqubMu_5N0Q,author,1,1.0,True,False,False
bipartite,author:UCUIIIPTVDVHAXqhC_5V6lPA,author,1,1.0,True,False,False
bipartite,author:UCUoYsrx1oZnCZ0usbBJn4fA,author,1,1.0,True,False,False
bipartite,author:UCV0iizTBoOfdAFX_thfI9BA,author,1,1.0,True,False,False
bipartite,author:UCV0lM03g5fg5pbPj97-sAtA,author,1,1.0,True,False,False
bipartite,author:UCV3fr-YOixFKCZBbJP1-X4w,author,1,1.0,True,False,False
bipartite,author:UCVC2QugcI1G4RvlCiUqd1aQ,author,1,1.0,True,False,False
bipartite,author:UCVQf0tzL7xRzFJsABVVULpg,author,1,1.0,True,False,False
bipartite,author:UCVdjCrh4tQoX3haNAZv-n5A,author,1,1.0,True,False,True
bipartite,author:UCVhif9eV0f8plICen2DnpKA,author,1,1.0,True,False,False
bipartite,author:UCW-JC6lebVmf2P1dmY_L94g,author,1,1.0,True,False,False
bipartite,author:UCW80DaMjQlEUibC98Cot-Dg,author,1,1.0,True,False,False
bipartite,author:UCWIZUtKJ636y-4TYrNvok0g,author,1,1.0,True,False,False
bipartite,author:UCWWkebAekppaL5b5CNlppuw,author,1,1.0,True,False,True
bipartite,author:UCWaRixDdpgllTBf4V0jPnKQ,author,1,1.0,True,False,False
bipartite,author:UCWoAVGVqCn4xtINCMOTM4jg,author,1,1.0,True,False,False
bipartite,author:UCWvntqPQx99k_Z_skWKqNSA,author,1,1.0,True,False,False
bipartite,author:UCXN2s7DwTJm33xO-pNkAdaA,author,1,1.0,True,False,False
bipartite,author:UCXO1BBohNWXkK9SBDAG2ySg,author,1,1.0,True,False,False
bipartite,author:UCXSkL3ejZ8qWYyF_M7s_QKA,author,1,1.0,True,False,False
bipartite,author:UCXVLc8CmAO813ubM-fLvCDw,author,1,1.0,True,False,False
bipartite,author:UCXXh7yg5KUFIWylTiKVEFKQ,author,1,1.0,True,False,False
bipartite,author:UCXgr7vXlRrsaskPdo097kGA,author,1,1.0,True,False,False
bipartite,author:UCXl30Y_upRqbti52fmjK4YA,author,1,1.0,True,False,False
bipartite,author:UCXmrpc6Li0spcKxtS0Q_ptg,author,1,1.0,True,False,True
bipartite,author:UCXr8_5WtGeipe4haOoQDgyQ,author,1,1.0,True,False,False
bipartite,author:UCY7Hq7F9Lnucf-Yr6JkHZNw,author,1,1.0,True,False,True
bipartite,author:UCYN4wSQ1Sx4_LurxLlW7MPg,author,1,1.0,True,False,False
bipartite,author:UCYwpX26TrCxq8TvbKGRYLXA,author,1,1.0,True,False,False
bipartite,author:UCZ51R_9Q9C0c8I3pAWhtmjQ,author,1,1.0,True,False,False
bipartite,author:UCZFQwqh90apuL8eFhvRBkUg,author,1,1.0,True,False,False
bipartite,author:UCZIQnb1fkwe39Iw2TAu-bGA,author,1,1.0,True,False,False
bipartite,author:UCZLG9qH0tUjNhEGFIUt0CYw,author,1,1.0,True,False,False
bipartite,author:UCZOmq6MwFDVoCaEl99BRRaw,author,1,1.0,True,False,False
bipartite,author:UCZeIIQrGAedW8tCbKWmGY-A,author,1,1.0,True,False,False
bipartite,author:UCZjm6U576nX8WOiLhmMR3bw,author,1,1.0,True,False,True
bipartite,author:UC_3xuTXvMIWU5MYP9HkJ3vQ,author,1,1.0,True,False,False
bipartite,author:UC_6KbBY1bsYXz9fwFS0eQRg,author,1,1.0,True,False,False
bipartite,author:UC_LYoGs5C3mbZKZuKuqYCvw,author,1,1.0,True,False,False
bipartite,author:UC_NRVt2UP88ZNTwzrZ66JSg,author,1,1.0,True,False,True
bipartite,author:UC_ljZ1hZXR9pzexFz87P5ZA,author,1,1.0,True,False,True
bipartite,author:UCa36MjQLoPAmgJo-R3G8WQA,author,1,1.0,True,False,False
bipartite,author:UCaKAjTW9MVub_clgr4DRYjQ,author,1,1.0,True,False,False
bipartite,author:UCaT4saRcyqCLE657Rq2hhZQ,author,1,1.0,True,False,False
bipartite,author:UCaT6M2zp7X6r6Whd8Vv3kHQ,author,1,1.0,True,False,True
bipartite,author:UCat2qkYvqmtDNEmo2PVuhXw,author,1,1.0,True,False,True
bipartite,author:UCbNanjFI51cwGqMAb2rOrBw,author,1,1.0,True,False,True
bipartite,author:UCbYoNG5J3Au5BqtbXogfEFw,author,1,1.0,True,False,False
bipartite,author:UCbrtvygfRT6QXqWDNrOf-cA,author,2,1.0,False,False,False
bipartite,author:UCcFIBN-rtC3d3hXeuN5TfWw,author,1,1.0,True,False,False
bipartite,author:UCc_F88PzGWtA1OPNUEASulA,author,1,1.0,True,False,False
bipartite,author:UCcfdg8crmMJwEuLUsAhV7yg,author,1,1.0,True,False,False
bipartite,author:UCdFlugHJJa4l3YqWuNRmvXw,author,2,1.0,False,False,False
bipartite,author:UCdQAuWwyC99MB7Y02Umj26Q,author,1,1.0,True,False,False
bipartite,author:UCe8JZoYkX5oKUZyivHYdXhw,author,1,1.0,True,False,False
bipartite,author:UCeDNEtI8_a42bZ47wJiJMwQ,author,1,1.0,True,False,False
bipartite,author:UCeQk-WfEA-cJRq4EKeE7TOw,author,1,1.0,True,False,False
bipartite,author:UCefAH1MbvADWUjE9WVcB9EQ,author,1,1.0,True,False,False
bipartite,author:UCf5lnNZF7Qrtli9v4N_23WQ,author,1,1.0,True,False,False
bipartite,author:UCfM3nrxtTQMY5jFx1v1J4Gg,author,1,1.0,True,False,False
bipartite,author:UCfRqgt2O-vjzUDMZY_tnxQw,author,1,1.0,True,False,False
bipartite,author:UCfXykdbSU97rj987LDUGfvg,author,1,1.0,True,False,False
bipartite,author:UCfjhejO7LZy4doXURa7LZCQ,author,1,1.0,True,False,False
bipartite,author:UCfo_yUPzy1f1POwwZxhZ06Q,author,1,1.0,True,False,False
bipartite,author:UCg3eIfd7BrsLEqS0BLkftHA,author,1,1.0,True,False,False
bipartite,author:UCgGqw4aqMdMVSGkKiMgrJRQ,author,1,1.0,True,False,False
bipartite,author:UCgJNFj5dnxXpcMvmuhZDPxA,author,1,1.0,True,False,False
bipartite,author:UCgLrWFdYitoP-b7-PxtUr-w,author,1,1.0,True,False,True
bipartite,author:UCgLurCo-e019HGODcjXHWCw,author,1,1.0,True,False,True
bipartite,author:UCgQJgI9vu1FI2dnC9mrFthw,author,1,1.0,True,False,False
bipartite,author:UCgQw_Sbq3ugruDUKsq1e0-A,author,1,1.0,True,False,False
bipartite,author:UCgvw7xIdGFupzpt1Y_BFkEA,author,1,1.0,True,False,False
bipartite,author:UCh5ESQvtzyHDhCA7XyekCFA,author,1,1.0,True,False,False
bipartite,author:UChT7pzGytNd92Nmvi-zuWog,author,1,1.0,True,False,False
bipartite,author:UChZknRmJkeGeQk0-mQuhDOg,author,1,1.0,True,False,False
bipartite,author:UCheEJ5GZuIvV0fj-nXyVwXw,author,1,1.0,True,False,False
bipartite,author:UChep9kVb5gQmpodEEl10Xlg,author,1,1.0,True,False,False
bipartite,author:UChgkn5Jt5tWKYMoEOuCjz3Q,author,1,1.0,True,False,False
bipartite,author:UChs3tU2BcKOT0CezykvAsGw,author,1,1.0,True,False,False
bipartite,author:UChyps3dqY-VY1_wLeq-2lhw,author,1,1.0,True,False,False
bipartite,author:UCi-vPdnpQreC7BkFs40mJGA,author,1,1.0,True,False,True
bipartite,author:UCi1b_TRQfgO1Z9O2gNGGWNA,author,1,1.0,True,False,False
bipartite,author:UCi2KiZq63sRq8Mfbcp-MelQ,author,1,1.0,True,False,True
bipartite,author:UCiC-Jn7wdgyQV4_Urk0DkWQ,author,1,1.0,True,False,False
bipartite,author:UCiGRBf2RNF0WRKhRVT7zFoA,author,1,1.0,True,False,False
bipartite,author:UCiMythXHsw7eQEMykCdmMUA,author,1,1.0,True,False,False
bipartite,author:UCiOZX__1gahg1ypIj0_XG_w,author,1,1.0,True,False,False
bipartite,author:UCipetjeiWj4CZB6EbyYziZg,author,1,1.0,True,False,False
bipartite,author:UCj-LL25XJnjxepPKCc3NGog,author,1,1.0,True,False,False
bipartite,author:UCjJf-AJKRFFWtiN-CSwkDmA,author,1,1.0,True,False,False
bipartite,author:UCjSKM9j0Q7HLDr1hD6D-TUw,author,1,1.0,True,False,False
bipartite,author:UCjZgFEowMBrsjodqfovzdKw,author,2,1.0,False,False,False
bipartite,author:UCjmPuazZJzscrwvk0QR9RVw,author,1,1.0,True,False,False
bipartite,author:UCk4O-J1BhoqPmig1KLGJePA,author,1,1.0,True,False,False
bipartite,author:UCkVtmkK07b2zaVVNssX4lOg,author,1,1.0,True,False,False
bipartite,author:UCkbsS_3D-pvg1iHOld9uvIg,author,1,1.0,True,False,False
bipartite,author:UCkd9W714-947dEE6ZOEBATA,author,1,1.0,True,False,False
bipartite,author:UCkxdJ_yGN2gghOMo2ybQtXQ,author,1,1.0,True,False,False
bipartite,author:UCl0ekS9Tt0jJGtOEM18S63w,author,1,1.0,True,False,False
bipartite,author:UCld2stqxaVSk0QdGncM224A,author,1,1.0,True,False,True
bipartite,author:UClhMWQ7XKWywYvbRnuf8QsA,author,1,1.0,True,False,False
bipartite,author:UCljDbleJul41G1TzOjOZAVA,author,1,1.0,True,False,False
bipartite,author:UClqA491Xa5fQcXcJJa-vTWw,author,1,1.0,True,False,False
bipartite,author:UClsrFGJKWPxxw7MiaEdKLXw,author,1,1.0,True,False,False
bipartite,author:UCmjppp6ujz3SAnULvP3sZMw,author,1,1.0,True,False,False
bipartite,author:UCmvOgzmmXbjUthHy-WJ52hQ,author,1,1.0,True,False,False
bipartite,author:UCnU8wO1OurAmGstDw6VGjgQ,author,1,1.0,True,False,False
bipartite,author:UCoGdCoJg2Lh0OX_jv6cG16g,author,1,1.0,True,False,False
bipartite,author:UColMq7LmaoY3MT6aIDGrGvA,author,1,1.0,True,False,False
bipartite,author:UCozFYHN0e_-vlQbX3wQGOug,author,1,1.0,True,False,True
bipartite,author:UCp29O_C7cchZV8IxV7Crdag,author,1,1.0,True,False,False
bipartite,author:UCp4iw5_5SmV9VGTFSNVGOmQ,author,1,1.0,True,False,False
bipartite,author:UCpIdtvoFHVLGASGB5ySqIEA,author,1,1.0,True,False,False
bipartite,author:UCp_dAUfv8i3LW3zWc24dLaQ,author,1,1.0,True,False,True
bipartite,author:UCpe5jW3MIqkgTJ-PgkzvM6Q,author,1,1.0,True,False,False
bipartite,author:UCpl8rF8uv_8uui-QRvuJaRA,author,1,1.0,True,False,False
bipartite,author:UCplrIQtaPj6au60_f2-mOYw,author,1,1.0,True,False,False
bipartite,author:UCpsKOkt5iWTbenzeuq7dsmQ,author,3,1.0,False,False,False
bipartite,author:UCq3mDTTRZnUybct5M9OSXbg,author,1,1.0,True,False,False
bipartite,author:UCqCrvuoJpC-aVb0f4logQRQ,author,1,1.0,True,False,False
bipartite,author:UCqilIa8r7iek5sGYg_q6ofA,author,1,1.0,True,False,True
bipartite,author:UCql1n3Ey6ULMSOACjMe-fxQ,author,1,1.0,True,False,False
bipartite,author:UCr1emrogPKkKTs_WTtx71xg,author,1,1.0,True,False,False
bipartite,author:UCrJn_rbo_ENAdeqneS-RmRw,author,1,1.0,True,False,False
bipartite,author:UCrqXyRsg-_hTosURZ-uvoKg,author,1,1.0,True,False,True
bipartite,author:UCsGoJEvb-cFPZ2rWoJcXzEQ,author,1,1.0,True,False,False
bipartite,author:UCsJJAvrVGupdmhOqgtDp8dg,author,1,1.0,True,False,False
bipartite,author:UCsSXdJct-nsS8DsABoEsaYA,author,1,1.0,True,False,False
bipartite,author:UCsUCN0Yq_UyTvKjOJLmNrnQ,author,2,1.0,False,False,False
bipartite,author:UCs_5qeqdku9tGAq22y3OcuQ,author,1,1.0,True,False,True
bipartite,author:UCsjs5Hp_r86x1xbK6FAeqaA,author,1,1.0,True,False,False
bipartite,author:UCtCtts20bW6F9CSohau51Iw,author,1,1.0,True,False,False
bipartite,author:UCtMBF_1O2jY2INlb_luuB_A,author,1,1.0,True,False,True
bipartite,author:UCtNfIBnc5S5DbbQj_yxgJTw,author,1,1.0,True,False,False
bipartite,author:UCtNyHmRZtvGF2hSvI2dUBWw,author,1,1.0,True,False,False
bipartite,author:UCtUR3_CAiE7fCoZHM6cMfyQ,author,1,1.0,True,False,False
bipartite,author:UCtiHFjFu7d5v2XxHnKFUYig,author,1,1.0,True,False,True
bipartite,author:UCtowGNY2lnlg6O2CkwDgkLg,author,1,1.0,True,False,True
bipartite,author:UCtsxPYw8VUsH_FfnKg-0lmw,author,1,1.0,True,False,False
bipartite,author:UCu8_3-Wg-YzNyvHYQDEscfw,author,1,1.0,True,False,False
bipartite,author:UCuP4UK33HKtJE_S39ksmaTw,author,1,1.0,True,False,False
bipartite,author:UCuXmOjxC-htcprLgeVXz6Tg,author,1,1.0,True,False,False
bipartite,author:UCueV9cTyTDwgQSec1x2dYgA,author,1,1.0,True,False,False
bipartite,author:UCujPF2nBgsTD62nWE3lcpIg,author,1,1.0,True,False,False
bipartite,author:UCusjriFsDHEc2AOjqk-p5ig,author,1,1.0,True,False,False
bipartite,author:UCut6b9S98nv84cVX89PmKzA,author,1,1.0,True,False,False
bipartite,author:UCvApqeCbLod-wejtT4CcVuA,author,1,1.0,True,False,False
bipartite,author:UCvDwJBBY1mHK70aTEYl6rsA,author,1,1.0,True,False,False
bipartite,author:UCvcu1kR8xMYy_I1Ty-2mV2Q,author,3,1.0,False,False,False
bipartite,author:UCvl1tzQeBeGy6efPTRJXSCw,author,1,1.0,True,False,False
bipartite,author:UCwCfs-2zbD5k0lG-UVg_JBw,author,1,1.0,True,False,False
bipartite,author:UCwEe1RKlEv1UpNWmWYfSh4w,author,1,1.0,True,False,False
bipartite,author:UCwO2SXr0ggzwg6QWWrr01nQ,author,1,1.0,True,False,False
bipartite,author:UCwUAv3_LpWVtTIi7lkmTL7A,author,1,1.0,True,False,True
bipartite,author:UCwW2OFy95P7ZBkOPxWkpvYg,author,1,1.0,True,False,False
bipartite,author:UCwgCc9Jd_gG-uLE_SY-FfPg,author,1,1.0,True,False,False
bipartite,author:UCwha8rxULYMVtNwZWeSkE1A,author,1,1.0,True,False,False
bipartite,author:UCwjUvRseNtJoItylIyIez7Q,author,1,1.0,True,False,False
bipartite,author:UCwxoKK59nGCeBqB2sXfDBIw,author,1,1.0,True,False,False
bipartite,author:UCxKR3RA8T-kxMgq_2WWhRcQ,author,1,1.0,True,False,True
bipartite,author:UCxcoDvP-g2_KTZDmVZtvb3w,author,1,1.0,True,False,False
bipartite,author:UCxff05WuyvwELNITi7bj7UA,author,1,1.0,True,False,False
bipartite,author:UCxhtlxPV8AYWaNNyU6S9H8Q,author,1,1.0,True,False,True
bipartite,author:UCyJhqmMbsvjpoarBBStA2kg,author,1,1.0,True,False,False
bipartite,author:UCySYJU5kUh7X8gVt9la2ISA,author,1,1.0,True,False,False
bipartite,author:UCyW68EGZey4ao_Vf2cR5Ztg,author,1,1.0,True,False,False
bipartite,author:UCylqlpsh8ENNM1LqgQ1KbxA,author,2,1.0,False,False,False
bipartite,author:UCyor0Mmm0ivLX2jIdyGp84Q,author,1,1.0,True,False,True
bipartite,author:UCyzf29IYjNw67gGIfsjgtxA,author,1,1.0,True,False,True
bipartite,author:UCz3gu01bmjNv0DpRq-K3XYg,author,1,1.0,True,False,False
bipartite,author:UCzSfZlOVxBSs5ObD25ywxDQ,author,1,1.0,True,False,False
bipartite,author:UCzZ6dDCEsLMXbc5pCFXIprw,author,2,1.0,False,False,False
bipartite,author:UCzoL2l5H5eVlorWGH8AZfAg,author,1,1.0,True,False,False
bipartite,video:06mFNPU0aB8,video,13,1.0,False,False,False
bipartite,video:3Nfp9h5avBI,video,2,1.0,False,False,True
bipartite,video:6W4u8sGEnGM,video,32,1.0,False,False,False
bipartite,video:JkpVO1hx2f8,video,3,1.0,False,False,True
bipartite,video:OkXlHx0hx-8,video,18,1.0,False,False,True
bipartite,video:PjmxCj-a9Hg,video,19,1.0,False,False,False
bipartite,video:TT4qJ5FXHYE,video,4,1.0,False,False,True
bipartite,video:UhL9y3KUl8E,video,1,1.0,True,False,True
bipartite,video:WIUZtitfLRw,video,6,1.0,False,False,False
bipartite,video:X_FAIef8qlE,video,1,1.0,True,False,True
bipartite,video:b_Hkrkl3adA,video,7,1.0,False,False,False
bipartite,video:is3Mk5oC19g,video,7,1.0,False,False,False
bipartite,video:j43HgwYFKfk,video,49,1.0,False,False,False
bipartite,video:lj983NWyAQY,video,25,1.0,False,False,True
bipartite,video:n8iP75gIpmw,video,128,1.0,False,False,False
bipartite,video:ndAZjHqzzT8,video,10,1.0,False,False,False
bipartite,video:s0eco-BofOs,video,1,1.0,True,False,True
bipartite,video:yLZS3JiEBg8,video,16,1.0,False,False,False
bipartite,video:zweosulrwA8,video,1,1.0,True,False,True
author_projection,author:UC-HeUTT6_g-VoiWds2a4H-w,author,31,9.0,False,False,False
author_projection,author:UC-Iul5tDYH_oiAMXQH-KaaQ,author,31,9.0,False,False,False
author_projection,author:UC-QOpE7GOxlXcHZ8b7HbQKA,author,17,9.0,False,False,True
author_projection,author:UC-fiZBS5Gp1eCJd9ucgWnCg,author,48,9.0,False,False,False
author_projection,author:UC-hfX8J5JPJ-dfuakzegMLA,author,127,9.0,False,False,False
author_projection,author:UC-jS_kA9w-OmpupXDx156Rg,author,127,9.0,False,False,False
author_projection,author:UC-pNP6RMFuLg_-x7Ah_0kEA,author,127,9.0,False,False,False
author_projection,author:UC094EFEmMSdwVa8NQjjYBXg,author,6,9.0,True,False,False
author_projection,author:UC0HvfEWozTHbwl_iEmJNvVA,author,31,9.0,False,False,False
author_projection,author:UC0RpuMwkDKJYqgKHtsJRuWQ,author,24,9.0,False,False,True
author_projection,author:UC0aEyakBPqcBkVJiErfSupQ,author,24,9.0,False,False,True
author_projection,author:UC14qlobYKqD-DO0j6b75lcA,author,31,9.0,False,False,False
author_projection,author:UC1DpqK6vaPEkBOMNvypsKYg,author,48,9.0,False,False,False
author_projection,author:UC1NiEdJ7gk6FlDexIalWnGg,author,31,9.0,False,False,False
author_projection,author:UC1WlJfQmaIskYhP4gmWoamw,author,17,9.0,False,False,True
author_projection,author:UC1Y7x3h0c95Z8kUhi-Tzaeg,author,18,9.0,False,False,False
author_projection,author:UC1vr9aaMI2crB0NvwFHUeoQ,author,127,9.0,False,False,False
author_projection,author:UC2Y_EHWQKevubk4vOEBBFxw,author,127,9.0,False,False,False
author_projection,author:UC2ngpd8UBQu4gcUYy0goAtg,author,12,9.0,False,False,False
author_projection,author:UC2weSE8rpqkGMOp6StYtVfg,author,127,9.0,False,False,False
author_projection,author:UC32oozucwCF3q8d4m8fyOUg,author,48,9.0,False,False,False
author_projection,author:UC3E9mAgP7VoAE5mZoAexl5g,author,127,9.0,False,False,False
author_projection,author:UC3MYTqpQqlWBuCB7Th0e0PA,author,127,9.0,False,False,False
author_projection,author:UC3NMzdMYryaw82kPTnsaljg,author,127,9.0,False,False,False
author_projection,author:UC3UVO7pTbeYvZ3ILEyRDskQ,author,48,9.0,False,False,False
author_projection,author:UC3XTwHxygNCgjndsg-UiCQA,author,127,9.0,False,False,False
author_projection,author:UC3YpzAr7pcdKC7BVFEpYzog,author,31,9.0,False,False,False
author_projection,author:UC3iIU62XKUOWuqL8BqBzj9A,author,6,9.0,True,False,False
author_projection,author:UC3qn1yJA5PeW9rkGPatQxiw,author,127,9.0,False,False,False
author_projection,author:UC4Avya4kmR4Q0FrfFdBozSQ,author,48,9.0,False,False,False
author_projection,author:UC4cXueR2bKGFJV0Fk76gwmA,author,127,9.0,False,False,False
author_projection,author:UC4kg7zuTfqQKLd2bkZrSYBA,author,6,9.0,True,False,False
author_projection,author:UC4wq3DcbfaG6dtCqn8Oyu3w,author,127,9.0,False,False,False
author_projection,author:UC5H8ASmMC9WrURmzeB4ySog,author,127,9.0,False,False,False
author_projection,author:UC5PrBbmUlQolwqmiru7yZhw,author,6,9.0,True,False,False
author_projection,author:UC5PyGvSfFM--OVKmQ3COu6g,author,24,9.0,False,False,True
author_projection,author:UC5bG9nc_JV3FsNP2KseQiYw,author,127,9.0,False,False,False
author_projection,author:UC5fvhAfm89JH8eDFdvc0xYw,author,24,9.0,False,False,True
author_projection,author:UC5hvEnRUzI4Kfvwnyi4QxqQ,author,48,9.0,False,False,False
author_projection,author:UC5wuDq3U3vRAhOQI3D7gNdw,author,9,9.0,True,False,False
author_projection,author:UC63tFvbQ_hJhGDi2nbjssjw,author,31,9.0,False,False,False
author_projection,author:UC650pRT-OYzny3GwOH8Cgfw,author,127,9.0,False,False,False
author_projection,author:UC6PvO1_k5lHKGdAPo5_C6TA,author,127,9.0,False,False,False
author_projection,author:UC6Uj1FT5JjDSF8vudvDxPAA,author,48,9.0,False,False,False
author_projection,author:UC6YSZqL0vEcI-niPKIMUGfw,author,127,9.0,False,False,False
author_projection,author:UC6xI_MOaxajIWpoP8BH6E_Q,author,0,9.0,True,True,True
author_projection,author:UC72gBAtyb_VXQlYDcFrh6oQ,author,127,9.0,False,False,False
author_projection,author:UC7IMsCxfZyWN7YQo8-JYa6Q,author,18,9.0,False,False,False
author_projection,author:UC7VUuJr9cGh845CmTvf7TlQ,author,127,9.0,False,False,False
author_projection,author:UC7dadZG7kkGYnsNu6td0FbA,author,48,9.0,False,False,False
author_projection,author:UC816IGbFCZinfYS1LRDaaHg,author,48,9.0,False,False,False
author_projection,author:UC8F2V63KZ4ZEay6opX2hAQw,author,127,9.0,False,False,False
author_projection,author:UC8G5cJONY8L9voMyBW8Eoug,author,127,9.0,False,False,False
author_projection,author:UC8r11yOugM2NuRfitQOxLLg,author,127,9.0,False,False,False
author_projection,author:UC8xlJWNHz1V_W6q3fbuQH8g,author,18,9.0,False,False,False
author_projection,author:UC95PSMouTx2N5CbSq0hIyrQ,author,48,9.0,False,False,False
author_projection,author:UC9Wp6vL5oCU37qC3Aj94WZA,author,6,9.0,True,False,False
author_projection,author:UC9vMq1YF-e7C-VO0SHkbUTA,author,127,9.0,False,False,False
author_projection,author:UC9xr9QvIcDvoZNUX5f-jaZw,author,127,9.0,False,False,False
author_projection,author:UCA93ym2TXs_Ibyxb4Vcn-6Q,author,127,9.0,False,False,False
author_projection,author:UCAKuKvcbfnBD3kF5njNu-IA,author,48,9.0,False,False,False
author_projection,author:UCAV7QIjYhbDJaycQycM_0eQ,author,18,9.0,False,False,False
author_projection,author:UCAlzM_N6xBlMYmM8EBzX86Q,author,127,9.0,False,False,False
author_projection,author:UCAmtbUiIrUIhikru0ZoTFig,author,127,9.0,False,False,False
author_projection,author:UCAxvOOHQk7dYPOajzFEVtbA,author,12,9.0,False,False,False
author_projection,author:UCB5p8a5gklc80jJItP6xTHg,author,127,9.0,False,False,False
author_projection,author:UCBlm80VQ4YoV3bUJR_XhkaQ,author,17,9.0,False,False,True
author_projection,author:UCBtB5dIyx-C16UN8ClUD2UA,author,6,9.0,True,False,False
author_projection,author:UCCBYcToQ2dwkd6TJh0FSyDg,author,48,9.0,False,False,False
author_projection,author:UCCUmP4PlbwgikVFpYwbtRTg,author,15,9.0,False,False,False
author_projection,author:UCCaYwkkbQGcvFoUmothVdQQ,author,127,9.0,False,False,False
author_projection,author:UCDIMztpVm7G27qBuiWuT6oQ,author,127,9.0,False,False,False
author_projection,author:UCDPWkUX3sNNaCx-m1dV4glA,author,127,9.0,False,False,False
author_projection,author:UCDQaQv0hr2SS_PO-CMEwVHg,author,127,9.0,False,False,False
author_projection,author:UCDUffaruH6dyUnUGwsTKpgg,author,127,9.0,False,False,False
author_projection,author:UCDftMWXQoJ6nONfY7GVOVjg,author,127,9.0,False,False,False
author_projection,author:UCDlr1VadSucIZgZ171pRBjQ,author,127,9.0,False,False,False
author_projection,author:UCDrmf9y9nLgFY5wnA2hTuGA,author,48,9.0,False,False,False
author_projection,author:UCEHXl4VvvVpq-_4xC5tsbhg,author,31,9.0,False,False,False
author_projection,author:UCEgEQmRbtL5fwr9_DqAC--g,author,127,9.0,False,False,False
author_projection,author:UCErZPJpHmLCsXs8ZWkAUupQ,author,127,9.0,False,False,False
author_projection,author:UCFFrEmn6lPYiWyElpfzTy5Q,author,6,9.0,True,False,False
author_projection,author:UCFOxCyF926Y9eHhMeVoWLzw,author,24,9.0,False,False,True
author_projection,author:UCFUuDARXdmmIrLppEqf-rFg,author,127,9.0,False,False,False
author_projection,author:UCFhxtoeARHPnXXPcDrOU3Xg,author,127,9.0,False,False,False
author_projection,author:UCFjudnPLoaSL1BaRuLahyHg,author,127,9.0,False,False,False
author_projection,author:UCFoIAE8k82D6AV-8gjjKaNg,author,127,9.0,False,False,False
author_projection,author:UCFxE8GbokBrBsPEKM1xrOjQ,author,127,9.0,False,False,False
author_projection,author:UCFybmWapGvBKcQod7cPPH9w,author,31,9.0,False,False,False
author_projection,author:UCGGHbtfbbe0o68etrOf0qxw,author,48,9.0,False,False,False
author_projection,author:UCGX_UbAQOXGZknv5iqklwTA,author,18,9.0,False,False,False
author_projection,author:UCGZMgmM92E3njyXNe9-kjAQ,author,17,9.0,False,False,True
author_projection,author:UCGj2v6Gl5bN8NSrzJMXS-CA,author,5,9.0,True,False,False
author_projection,author:UCGm3gRBEHGRJYmtCryZLtDw,author,6,9.0,True,False,False
author_projection,author:UCGqKxQS-z3NZzZF-2w338AA,author,24,9.0,False,False,True
author_projection,author:UCGzXwyCzMzGmjmCbH3Hg01Q,author,127,9.0,False,False,False
author_projection,author:UCHGd14aYuZZShLD73dkk6mg,author,2,9.0,True,False,True
author_projection,author:UCHMQ_lDhibZ-XZ_3fo6oxwg,author,24,9.0,False,False,True
author_projection,author:UCHTGCgY2l-DQJIvlA_cpa_Q,author,145,9.0,False,False,False
author_projection,author:UCHbwIx9pmQuf7i-4_xO2EpA,author,48,9.0,False,False,False
author_projection,author:UCHhHUjaMAZ8SiXdCUCj9DkQ,author,127,9.0,False,False,False
author_projection,author:UCHu8x4MVkayU6VgwVKd--MQ,author,6,9.0,True,False,False
author_projection,author:UCIUhbSCy3-SGRe5UtqM4fzQ,author,24,9.0,False,False,True
author_projection,author:UCIXLDYqR_syskKRJy_x9W9Q,author,12,9.0,False,False,False
author_projection,author:UCIgoiXdIKJyUGmUoH2Lxdzg,author,17,9.0,False,False,True
author_projection,author:UCIp19h9igblA2YKfSLPDAug,author,24,9.0,False,False,True
author_projection,author:UCJp3OrVYcBorC94sKwdch_A,author,9,9.0,True,False,False
author_projection,author:UCJxJC56BSAX-ArD0NAb9qnQ,author,1,9.0,True,False,True
author_projection,author:UCKDR0f2fu2UzWL8mBv5-BHw,author,127,9.0,False,False,False
author_projection,author:UCKVzDUqbtdSMBcexaEtMmzQ,author,3,9.0,True,False,True
author_projection,author:UCL13XhnRzbGokEkCkEOb0-g,author,127,9.0,False,False,False
author_projection,author:UCL1MT278vSaQ83ZDkVWn1gw,author,127,9.0,False,False,False
author_projection,author:UCLFdHr9BEbXHkoJopbEPLZw,author,127,9.0,False,False,False
author_projection,author:UCLXYp1Cvc5DLtq5UQL5D9vw,author,12,9.0,False,False,False
author_projection,author:UCLggDc_a5HriXv7I1h02sOA,author,127,9.0,False,False,False
author_projection,author:UCLh1Kde4_vI1sTZBkTNP7RQ,author,6,9.0,True,False,False
author_projection,author:UCN2N_wYOw6fMwCeSzdXLPIw,author,18,9.0,False,False,False
author_projection,author:UCN6qbfPSzFtjhqUDZ3Cv3CQ,author,127,9.0,False,False,False
author_projection,author:UCNBnKqWf4d-rS4HwJRQljmQ,author,127,9.0,False,False,False
author_projection,author:UCNIeXbV_mEwpa412h1aqUWw,author,18,9.0,False,False,False
author_projection,author:UCNiMNUJvaRJb0_QLClqwVnA,author,3,9.0,True,False,True
author_projection,author:UCNkcuy42zEwddwEcOd_HpnA,author,127,9.0,False,False,False
author_projection,author:UCNpt5CQlTzNjlAKY6CJtClQ,author,48,9.0,False,False,False
author_projection,author:UCO0zwwLWGyDgQmWPJ5Qrr1w,author,12,9.0,False,False,False
author_projection,author:UCOARn3hnfkB7-_Rwa8Hoqcw,author,5,9.0,True,False,False
author_projection,author:UCOLGv5Pf6BF2wFcwUzgcvHg,author,127,9.0,False,False,False
author_projection,author:UCOLHH4ZpMxPYF-Q6e6wvn5A,author,17,9.0,False,False,True
author_projection,author:UCOS8ViEkccrTZx2w2ccxotA,author,127,9.0,False,False,False
author_projection,author:UCOY3XpD9qMCRSA8AA8c4CAw,author,15,9.0,False,False,False
author_projection,author:UCOcUI5XkTYNMSFhZNMIPpGg,author,48,9.0,False,False,False
author_projection,author:UCOh6DaZC_x9HASnlRylEMfw,author,127,9.0,False,False,False
author_projection,author:UCPLW0HE3siElqCgXfgWxMqg,author,0,9.0,True,True,True
author_projection,author:UCPNXmbOBVeC4HS-xemvcPtQ,author,17,9.0,False,False,True
author_projection,author:UCPZueDLrCS4BmTBRMA4q0fA,author,18,9.0,False,False,False
author_projection,author:UCQIdKuZ-OzuFqy0KjGrgesg,author,2,9.0,True,False,True
author_projection,author:UCQM2tCKRRytVDRxNUfCDqQQ,author,0,9.0,True,True,True
author_projection,author:UCQMMuADgqWUOcJpLwHOzC-g,author,17,9.0,False,False,True
author_projection,author:UCQ_-LPP8JAbfkc-b1Q6NvWw,author,127,9.0,False,False,False
author_projection,author:UCQgYjVngJRfPHDLGB5X6ZjA,author,127,9.0,False,False,False
author_projection,author:UCQqetiwzzmRNTM5OWuXarGQ,author,127,9.0,False,False,False
author_projection,author:UCQqlPPUGqAfWjd-FSh_qn7Q,author,48,9.0,False,False,False
author_projection,author:UCQtICyzWmhC5woCtbNgaSmg,author,127,9.0,False,False,False
author_projection,author:UCQtSFINs1h6GHkpg9o5kMvg,author,127,9.0,False,False,False
author_projection,author:UCQyOePccUP-fIJYzchAgZYw,author,48,9.0,False,False,False
author_projection,author:UCRAquv8el-tQ30bN7MlmySQ,author,48,9.0,False,False,False
author_projection,author:UCRETAiYdh2dL5ZxB0_N1zDA,author,127,9.0,False,False,False
author_projection,author:UCRcSR3Lvn9DZAmJpVPANfZQ,author,24,9.0,False,False,True
author_projection,author:UCRelkU8JiZBytTzebJxaa-w,author,127,9.0,False,False,False
author_projection,author:UCRfkkatKrNtAARnXMMYBGlA,author,31,9.0,False,False,False
author_projection,author:UCRlCV9zSn7avAWh-9_XFWqQ,author,127,9.0,False,False,False
author_projection,author:UCRvPToDkkumha7WJAfCDk1A,author,48,9.0,False,False,False
author_projection,author:UCRznz9-N3Qc1w-qNdLSIY2Q,author,24,9.0,False,False,True
author_projection,author:UCSTAUWVc1_82DHYeqOsqEFA,author,24,9.0,False,False,True
author_projection,author:UCSou6a2OuYGSvPjm5psquyA,author,127,9.0,False,False,False
author_projection,author:UCTD6q1nyIe3Y7HhqjaMj72w,author,127,9.0,False,False,False
author_projection,author:UCTP3O0rMnc8z8v8jaDQwL0w,author,127,9.0,False,False,False
author_projection,author:UCTTILH6QCIxbTnEWxwRqs1g,author,15,9.0,False,False,False
author_projection,author:UCThW2XNsAaBKme5PUt7n-Zg,author,127,9.0,False,False,False
author_projection,author:UCTwSut16JyAg3mX6LVUNGqA,author,127,9.0,False,False,False
author_projection,author:UCTylKrsqkrBKIqubMu_5N0Q,author,127,9.0,False,False,False
author_projection,author:UCUIIIPTVDVHAXqhC_5V6lPA,author,127,9.0,False,False,False
author_projection,author:UCUoYsrx1oZnCZ0usbBJn4fA,author,48,9.0,False,False,False
author_projection,author:UCV0iizTBoOfdAFX_thfI9BA,author,127,9.0,False,False,False
author_projection,author:UCV0lM03g5fg5pbPj97-sAtA,author,48,9.0,False,False,False
author_projection,author:UCV3fr-YOixFKCZBbJP1-X4w,author,31,9.0,False,False,False
author_projection,author:UCVC2QugcI1G4RvlCiUqd1aQ,author,9,9.0,True,False,False
author_projection,author:UCVQf0tzL7xRzFJsABVVULpg,author,18,9.0,False,False,False
author_projection,author:UCVdjCrh4tQoX3haNAZv-n5A,author,17,9.0,False,False,True
author_projection,author:UCVhif9eV0f8plICen2DnpKA,author,5,9.0,True,False,False
author_projection,author:UCW-JC6lebVmf2P1dmY_L94g,author,48,9.0,False,False,False
author_projection,author:UCW80DaMjQlEUibC98Cot-Dg,author,48,9.0,False,False,False
author_projection,author:UCWIZUtKJ636y-4TYrNvok0g,author,127,9.0,False,False,False
author_projection,author:UCWWkebAekppaL5b5CNlppuw,author,2,9.0,True,False,True
author_projection,author:UCWaRixDdpgllTBf4V0jPnKQ,author,31,9.0,False,False,False
author_projection,author:UCWoAVGVqCn4xtINCMOTM4jg,author,48,9.0,False,False,False
author_projection,author:UCWvntqPQx99k_Z_skWKqNSA,author,31,9.0,False,False,False
author_projection,author:UCXN2s7DwTJm33xO-pNkAdaA,author,12,9.0,False,False,False
author_projection,author:UCXO1BBohNWXkK9SBDAG2ySg,author,15,9.0,False,False,False
author_projection,author:UCXSkL3ejZ8qWYyF_M7s_QKA,author,127,9.0,False,False,False
author_projection,author:UCXVLc8CmAO813ubM-fLvCDw,author,15,9.0,False,False,False
author_projection,author:UCXXh7yg5KUFIWylTiKVEFKQ,author,127,9.0,False,False,False
author_projection,author:UCXgr7vXlRrsaskPdo097kGA,author,127,9.0,False,False,False
author_projection,author:UCXl30Y_upRqbti52fmjK4YA,author,15,9.0,False,False,False
author_projection,author:UCXmrpc6Li0spcKxtS0Q_ptg,author,24,9.0,False,False,True
author_projection,author:UCXr8_5WtGeipe4haOoQDgyQ,author,127,9.0,False,False,False
author_projection,author:UCY7Hq7F9Lnucf-Yr6JkHZNw,author,24,9.0,False,False,True
author_projection,author:UCYN4wSQ1Sx4_LurxLlW7MPg,author,127,9.0,False,False,False
author_projection,author:UCYwpX26TrCxq8TvbKGRYLXA,author,127,9.0,False,False,False
author_projection,author:UCZ51R_9Q9C0c8I3pAWhtmjQ,author,127,9.0,False,False,False
author_projection,author:UCZFQwqh90apuL8eFhvRBkUg,author,31,9.0,False,False,False
author_projection,author:UCZIQnb1fkwe39Iw2TAu-bGA,author,5,9.0,True,False,False
author_projection,author:UCZLG9qH0tUjNhEGFIUt0CYw,author,127,9.0,False,False,False
author_projection,author:UCZOmq6MwFDVoCaEl99BRRaw,author,9,9.0,True,False,False
author_projection,author:UCZeIIQrGAedW8tCbKWmGY-A,author,48,9.0,False,False,False
author_projection,author:UCZjm6U576nX8WOiLhmMR3bw,author,17,9.0,False,False,True
author_projection,author:UC_3xuTXvMIWU5MYP9HkJ3vQ,author,12,9.0,False,False,False
author_projection,author:UC_6KbBY1bsYXz9fwFS0eQRg,author,9,9.0,True,False,False
author_projection,author:UC_LYoGs5C3mbZKZuKuqYCvw,author,48,9.0,False,False,False
author_projection,author:UC_NRVt2UP88ZNTwzrZ66JSg,author,0,9.0,True,True,True
author_projection,author:UC_ljZ1hZXR9pzexFz87P5ZA,author,24,9.0,False,False,True
author_projection,author:UCa36MjQLoPAmgJo-R3G8WQA,author,31,9.0,False,False,False
author_projection,author:UCaKAjTW9MVub_clgr4DRYjQ,author,48,9.0,False,False,False
author_projection,author:UCaT4saRcyqCLE657Rq2hhZQ,author,31,9.0,False,False,False
author_projection,author:UCaT6M2zp7X6r6Whd8Vv3kHQ,author,24,9.0,False,False,True
author_projection,author:UCat2qkYvqmtDNEmo2PVuhXw,author,17,9.0,False,False,True
author_projection,author:UCbNanjFI51cwGqMAb2rOrBw,author,17,9.0,False,False,True
author_projection,author:UCbYoNG5J3Au5BqtbXogfEFw,author,18,9.0,False,False,False
author_projection,author:UCbrtvygfRT6QXqWDNrOf-cA,author,23,9.0,False,False,False
author_projection,author:UCcFIBN-rtC3d3hXeuN5TfWw,author,15,9.0,False,False,False
author_projection,author:UCc_F88PzGWtA1OPNUEASulA,author,15,9.0,False,False,False
author_projection,author:UCcfdg8crmMJwEuLUsAhV7yg,author,127,9.0,False,False,False
author_projection,author:UCdFlugHJJa4l3YqWuNRmvXw,author,54,9.0,False,False,False
author_projection,author:UCdQAuWwyC99MB7Y02Umj26Q,author,15,9.0,False,False,False
author_projection,author:UCe8JZoYkX5oKUZyivHYdXhw,author,48,9.0,False,False,False
author_projection,author:UCeDNEtI8_a42bZ47wJiJMwQ,author,48,9.0,False,False,False
author_projection,author:UCeQk-WfEA-cJRq4EKeE7TOw,author,31,9.0,False,False,False
author_projection,author:UCefAH1MbvADWUjE9WVcB9EQ,author,15,9.0,False,False,False
author_projection,author:UCf5lnNZF7Qrtli9v4N_23WQ,author,18,9.0,False,False,False
author_projection,author:UCfM3nrxtTQMY5jFx1v1J4Gg,author,127,9.0,False,False,False
author_projection,author:UCfRqgt2O-vjzUDMZY_tnxQw,author,6,9.0,True,False,False
author_projection,author:UCfXykdbSU97rj987LDUGfvg,author,12,9.0,False,False,False
author_projection,author:UCfjhejO7LZy4doXURa7LZCQ,author,12,9.0,False,False,False
author_projection,author:UCfo_yUPzy1f1POwwZxhZ06Q,author,31,9.0,False,False,False
author_projection,author:UCg3eIfd7BrsLEqS0BLkftHA,author,18,9.0,False,False,False
author_projection,author:UCgGqw4aqMdMVSGkKiMgrJRQ,author,31,9.0,False,False,False
author_projection,author:UCgJNFj5dnxXpcMvmuhZDPxA,author,48,9.0,False,False,False
author_projection,author:UCgLrWFdYitoP-b7-PxtUr-w,author,24,9.0,False,False,True
author_projection,author:UCgLurCo-e019HGODcjXHWCw,author,24,9.0,False,False,True
author_projection,author:UCgQJgI9vu1FI2dnC9mrFthw,author,18,9.0,False,False,False
author_projection,author:UCgQw_Sbq3ugruDUKsq1e0-A,author,48,9.0,False,False,False
author_projection,author:UCgvw7xIdGFupzpt1Y_BFkEA,author,127,9.0,False,False,False
author_projection,author:UCh5ESQvtzyHDhCA7XyekCFA,author,127,9.0,False,False,False
author_projection,author:UChT7pzGytNd92Nmvi-zuWog,author,15,9.0,False,False,False
author_projection,author:UChZknRmJkeGeQk0-mQuhDOg,author,127,9.0,False,False,False
author_projection,author:UCheEJ5GZuIvV0fj-nXyVwXw,author,31,9.0,False,False,False
author_projection,author:UChep9kVb5gQmpodEEl10Xlg,author,127,9.0,False,False,False
author_projection,author:UChgkn5Jt5tWKYMoEOuCjz3Q,author,127,9.0,False,False,False
author_projection,author:UChs3tU2BcKOT0CezykvAsGw,author,127,9.0,False,False,False
author_projection,author:UChyps3dqY-VY1_wLeq-2lhw,author,31,9.0,False,False,False
author_projection,author:UCi-vPdnpQreC7BkFs40mJGA,author,24,9.0,False,False,True
author_projection,author:UCi1b_TRQfgO1Z9O2gNGGWNA,author,127,9.0,False,False,False
author_projection,author:UCi2KiZq63sRq8Mfbcp-MelQ,author,17,9.0,False,False,True
author_projection,author:UCiC-Jn7wdgyQV4_Urk0DkWQ,author,48,9.0,False,False,False
author_projection,author:UCiGRBf2RNF0WRKhRVT7zFoA,author,127,9.0,False,False,False
author_projection,author:UCiMythXHsw7eQEMykCdmMUA,author,127,9.0,False,False,False
author_projection,author:UCiOZX__1gahg1ypIj0_XG_w,author,31,9.0,False,False,False
author_projection,author:UCipetjeiWj4CZB6EbyYziZg,author,127,9.0,False,False,False
author_projection,author:UCj-LL25XJnjxepPKCc3NGog,author,127,9.0,False,False,False
author_projection,author:UCjJf-AJKRFFWtiN-CSwkDmA,author,9,9.0,True,False,False
author_projection,author:UCjSKM9j0Q7HLDr1hD6D-TUw,author,127,9.0,False,False,False
author_projection,author:UCjZgFEowMBrsjodqfovzdKw,author,43,9.0,False,False,False
author_projection,author:UCjmPuazZJzscrwvk0QR9RVw,author,127,9.0,False,False,False
author_projection,author:UCk4O-J1BhoqPmig1KLGJePA,author,6,9.0,True,False,False
author_projection,author:UCkVtmkK07b2zaVVNssX4lOg,author,48,9.0,False,False,False
author_projection,author:UCkbsS_3D-pvg1iHOld9uvIg,author,48,9.0,False,False,False
author_projection,author:UCkd9W714-947dEE6ZOEBATA,author,127,9.0,False,False,False
author_projection,author:UCkxdJ_yGN2gghOMo2ybQtXQ,author,15,9.0,False,False,False
author_projection,author:UCl0ekS9Tt0jJGtOEM18S63w,author,127,9.0,False,False,False
author_projection,author:UCld2stqxaVSk0QdGncM224A,author,3,9.0,True,False,True
author_projection,author:UClhMWQ7XKWywYvbRnuf8QsA,author,48,9.0,False,False,False
author_projection,author:UCljDbleJul41G1TzOjOZAVA,author,127,9.0,False,False,False
author_projection,author:UClqA491Xa5fQcXcJJa-vTWw,author,48,9.0,False,False,False
author_projection,author:UClsrFGJKWPxxw7MiaEdKLXw,author,18,9.0,False,False,False
author_projection,author:UCmjppp6ujz3SAnULvP3sZMw,author,127,9.0,False,False,False
author_projection,author:UCmvOgzmmXbjUthHy-WJ52hQ,author,127,9.0,False,False,False
author_projection,author:UCnU8wO1OurAmGstDw6VGjgQ,author,9,9.0,True,False,False
author_projection,author:UCoGdCoJg2Lh0OX_jv6cG16g,author,31,9.0,False,False,False
author_projection,author:UColMq7LmaoY3MT6aIDGrGvA,author,48,9.0,False,False,False
author_projection,author:UCozFYHN0e_-vlQbX3wQGOug,author,17,9.0,False,False,True
author_projection,author:UCp29O_C7cchZV8IxV7Crdag,author,31,9.0,False,False,False
author_projection,author:UCp4iw5_5SmV9VGTFSNVGOmQ,author,127,9.0,False,False,False
author_projection,author:UCpIdtvoFHVLGASGB5ySqIEA,author,127,9.0,False,False,False
author_projection,author:UCp_dAUfv8i3LW3zWc24dLaQ,author,17,9.0,False,False,True
author_projection,author:UCpe5jW3MIqkgTJ-PgkzvM6Q,author,48,9.0,False,False,False
author_projection,author:UCpl8rF8uv_8uui-QRvuJaRA,author,127,9.0,False,False,False
author_projection,author:UCplrIQtaPj6au60_f2-mOYw,author,127,9.0,False,False,False
author_projection,author:UCpsKOkt5iWTbenzeuq7dsmQ,author,183,9.0,False,False,False
author_projection,author:UCq3mDTTRZnUybct5M9OSXbg,author,12,9.0,False,False,False
author_projection,author:UCqCrvuoJpC-aVb0f4logQRQ,author,48,9.0,False,False,False
author_projection,author:UCqilIa8r7iek5sGYg_q6ofA,author,24,9.0,False,False,True
author_projection,author:UCql1n3Ey6ULMSOACjMe-fxQ,author,31,9.0,False,False,False
author_projection,author:UCr1emrogPKkKTs_WTtx71xg,author,127,9.0,False,False,False
author_projection,author:UCrJn_rbo_ENAdeqneS-RmRw,author,127,9.0,False,False,False
author_projection,author:UCrqXyRsg-_hTosURZ-uvoKg,author,17,9.0,False,False,True
author_projection,author:UCsGoJEvb-cFPZ2rWoJcXzEQ,author,48,9.0,False,False,False
author_projection,author:UCsJJAvrVGupdmhOqgtDp8dg,author,127,9.0,False,False,False
author_projection,author:UCsSXdJct-nsS8DsABoEsaYA,author,127,9.0,False,False,False
author_projection,author:UCsUCN0Yq_UyTvKjOJLmNrnQ,author,133,9.0,False,False,False
author_projection,author:UCs_5qeqdku9tGAq22y3OcuQ,author,24,9.0,False,False,True
author_projection,author:UCsjs5Hp_r86x1xbK6FAeqaA,author,127,9.0,False,False,False
author_projection,author:UCtCtts20bW6F9CSohau51Iw,author,31,9.0,False,False,False
author_projection,author:UCtMBF_1O2jY2INlb_luuB_A,author,24,9.0,False,False,True
author_projection,author:UCtNfIBnc5S5DbbQj_yxgJTw,author,127,9.0,False,False,False
author_projection,author:UCtNyHmRZtvGF2hSvI2dUBWw,author,18,9.0,False,False,False
author_projection,author:UCtUR3_CAiE7fCoZHM6cMfyQ,author,127,9.0,False,False,False
author_projection,author:UCtiHFjFu7d5v2XxHnKFUYig,author,17,9.0,False,False,True
author_projection,author:UCtowGNY2lnlg6O2CkwDgkLg,author,3,9.0,True,False,True
author_projection,author:UCtsxPYw8VUsH_FfnKg-0lmw,author,31,9.0,False,False,False
author_projection,author:UCu8_3-Wg-YzNyvHYQDEscfw,author,48,9.0,False,False,False
author_projection,author:UCuP4UK33HKtJE_S39ksmaTw,author,18,9.0,False,False,False
author_projection,author:UCuXmOjxC-htcprLgeVXz6Tg,author,48,9.0,False,False,False
author_projection,author:UCueV9cTyTDwgQSec1x2dYgA,author,127,9.0,False,False,False
author_projection,author:UCujPF2nBgsTD62nWE3lcpIg,author,127,9.0,False,False,False
author_projection,author:UCusjriFsDHEc2AOjqk-p5ig,author,18,9.0,False,False,False
author_projection,author:UCut6b9S98nv84cVX89PmKzA,author,127,9.0,False,False,False
author_projection,author:UCvApqeCbLod-wejtT4CcVuA,author,127,9.0,False,False,False
author_projection,author:UCvDwJBBY1mHK70aTEYl6rsA,author,31,9.0,False,False,False
author_projection,author:UCvcu1kR8xMYy_I1Ty-2mV2Q,author,28,9.0,False,False,False
author_projection,author:UCvl1tzQeBeGy6efPTRJXSCw,author,12,9.0,False,False,False
author_projection,author:UCwCfs-2zbD5k0lG-UVg_JBw,author,12,9.0,False,False,False
author_projection,author:UCwEe1RKlEv1UpNWmWYfSh4w,author,15,9.0,False,False,False
author_projection,author:UCwO2SXr0ggzwg6QWWrr01nQ,author,127,9.0,False,False,False
author_projection,author:UCwUAv3_LpWVtTIi7lkmTL7A,author,24,9.0,False,False,True
author_projection,author:UCwW2OFy95P7ZBkOPxWkpvYg,author,127,9.0,False,False,False
author_projection,author:UCwgCc9Jd_gG-uLE_SY-FfPg,author,48,9.0,False,False,False
author_projection,author:UCwha8rxULYMVtNwZWeSkE1A,author,127,9.0,False,False,False
author_projection,author:UCwjUvRseNtJoItylIyIez7Q,author,48,9.0,False,False,False
author_projection,author:UCwxoKK59nGCeBqB2sXfDBIw,author,31,9.0,False,False,False
author_projection,author:UCxKR3RA8T-kxMgq_2WWhRcQ,author,24,9.0,False,False,True
author_projection,author:UCxcoDvP-g2_KTZDmVZtvb3w,author,15,9.0,False,False,False
author_projection,author:UCxff05WuyvwELNITi7bj7UA,author,127,9.0,False,False,False
author_projection,author:UCxhtlxPV8AYWaNNyU6S9H8Q,author,17,9.0,False,False,True
author_projection,author:UCyJhqmMbsvjpoarBBStA2kg,author,31,9.0,False,False,False
author_projection,author:UCySYJU5kUh7X8gVt9la2ISA,author,127,9.0,False,False,False
author_projection,author:UCyW68EGZey4ao_Vf2cR5Ztg,author,5,9.0,True,False,False
author_projection,author:UCylqlpsh8ENNM1LqgQ1KbxA,author,174,9.0,False,False,False
author_projection,author:UCyor0Mmm0ivLX2jIdyGp84Q,author,1,9.0,True,False,True
author_projection,author:UCyzf29IYjNw67gGIfsjgtxA,author,24,9.0,False,False,True
author_projection,author:UCz3gu01bmjNv0DpRq-K3XYg,author,127,9.0,False,False,False
author_projection,author:UCzSfZlOVxBSs5ObD25ywxDQ,author,127,9.0,False,False,False
author_projection,author:UCzZ6dDCEsLMXbc5pCFXIprw,author,49,9.0,False,False,False
author_projection,author:UCzoL2l5H5eVlorWGH8AZfAg,author,127,9.0,False,False,False
video_projection,video:06mFNPU0aB8,video,1,0.0,False,False,False
video_projection,video:3Nfp9h5avBI,video,0,0.0,True,True,True
video_projection,video:6W4u8sGEnGM,video,2,0.0,False,False,False
video_projection,video:JkpVO1hx2f8,video,0,0.0,True,True,True
video_projection,video:OkXlHx0hx-8,video,0,0.0,True,True,True
video_projection,video:PjmxCj-a9Hg,video,2,0.0,False,False,False
video_projection,video:TT4qJ5FXHYE,video,0,0.0,True,True,True
video_projection,video:UhL9y3KUl8E,video,0,0.0,True,True,True
video_projection,video:WIUZtitfLRw,video,2,0.0,False,False,False
video_projection,video:X_FAIef8qlE,video,0,0.0,True,True,True
video_projection,video:b_Hkrkl3adA,video,1,0.0,False,False,False
video_projection,video:is3Mk5oC19g,video,1,0.0,False,False,False
video_projection,video:j43HgwYFKfk,video,3,0.0,False,False,False
video_projection,video:lj983NWyAQY,video,0,0.0,True,True,True
video_projection,video:n8iP75gIpmw,video,4,0.0,False,False,False
video_projection,video:ndAZjHqzzT8,video,4,0.0,False,False,False
video_projection,video:s0eco-BofOs,video,0,0.0,True,True,True
video_projection,video:yLZS3JiEBg8,video,2,0.0,False,False,False
video_projection,video:zweosulrwA8,video,0,0.0,True,True,True
